-0.174,0.177,0.778,70.129,-35.583,-27.282
0.079,0.064,1.057,-46.508,34.545,27.282
-0.173,0.135,1.009,6.591,16.54,17.15
-0.179,0.14,0.994,25.695,12.451,3.723
-0.105,0.089,1.043,21.301,2.441,5.676
-0.126,0.11,0.97,8.728,0.366,4.15
-0.133,0.169,0.968,-15.502,5.554,-1.708
-0.125,0.056,1.103,-7.263,-0.488,5.249
-0.143,0.011,1.072,-4.76,-7.08,21.911
-0.061,-0.026,1.106,-65.002,2.319,24.719
-0.124,-0.125,1.056,-61.34,-28.686,20.935
-0.221,-0.056,0.979,-47.729,-45.41,-18.554
-0.137,-0.082,0.996,-58.593,10.375,-43.334
-0.143,-0.113,0.888,-58.227,3.54,-66.467
-0.119,-0.145,1.038,19.47,-9.155,-62.011
-0.001,-0.17,0.935,-61.828,16.479,-36.499
0.065,-0.298,0.975,16.296,28.564,5.493
-0.057,-0.346,0.59,-26.611,19.165,11.718
-0.442,-0.014,1.334,23.925,55.297,11.169
0.051,-0.203,0.897,53.833,-9.216,-11.596
-0.293,0.195,0.995,-16.723,5.676,-1.098
-0.314,0.177,0.999,9.704,-6.042,-7.385
-0.271,0.145,1.005,-6.347,4.15,1.586
-0.319,0.194,0.96,16.967,1.708,-0.549
-0.295,0.199,0.851,0.732,-1.647,-0.976
-0.274,0.211,1.016,5.554,12.817,-5.004
-0.277,0.38,0.889,-7.202,32.043,-6.958
-0.289,0.151,0.915,42.785,-20.69,-8.361
-0.404,0.154,0.83,-15.808,-24.719,-21.911
-0.453,0.081,0.938,119.689,-54.016,4.699
-0.367,0.345,0.854,-16.662,-18.981,-1.342
-0.078,0.204,0.934,-6.958,-1.77,4.211
-0.24,0.192,0.937,4.943,-9.338,3.173
-0.221,0.209,0.961,5.859,-14.16,6.042
-0.162,-0.046,1.327,-37.658,122.741,32.653
-0.297,0.11,0.875,-148.864,47.546,68.115
-0.546,0.03,0.881,-30.578,-105.468,42.541
0.087,0.322,1.427,-144.836,-43.884,26.123
-0.139,0.177,0.744,13.183,-50.598,-55.786
0.02,-0.097,0.754,27.832,-27.77,4.882
-0.207,0.45,0.89,-24.169,67.932,61.523
-0.323,0.312,0.926,26.367,-6.347,41.381
-0.202,0.265,0.994,-19.47,13.0,61.035
-0.288,0.385,0.997,-33.569,30.822,18.005
-0.172,0.268,1.011,-29.846,19.287,23.559
-0.245,0.419,0.61,-17.272,-25.878,0.854
-0.229,0.427,1.007,-21.118,-5.554,-2.075
-0.044,-0.166,1.465,-57.678,-29.052,38.696
-0.178,0.171,0.682,-123.046,-18.005,16.723
-0.123,0.214,1.281,-36.437,-9.155,-8.911
0.079,-0.07,1.145,16.479,7.385,-2.746
-0.064,0.04,0.558,-7.812,-70.8,-21.484
-0.039,0.08,0.995,-39.123,0.183,-5.798
-0.08,0.237,1.305,-29.907,12.634,-4.821
0.041,0.053,1.036,-16.174,5.187,-1.892
0.131,-0.089,0.766,-7.263,-25.939,23.437
0.006,-0.017,0.941,-4.394,-8.911,17.395
0.181,0.003,1.065,8.422,4.089,11.901
0.019,-0.053,1.026,-11.535,-2.624,10.803
0.019,-0.113,1.069,19.958,-6.347,7.751
0.374,-0.274,0.713,-0.732,2.014,31.311
0.258,-0.19,1.04,34.606,7.019,11.535
0.103,0.089,1.097,-18.127,38.879,-19.226
0.174,0.053,1.06,40.222,0.0,-17.7
0.423,0.011,0.934,-55.48,17.944,6.347
0.28,0.009,0.933,-3.112,-0.061,5.859
0.222,0.001,0.998,-6.652,4.577,7.324
0.135,0.0,0.952,5.004,-9.643,-2.258
0.233,-0.035,1.06,-27.954,12.878,4.394
0.194,-0.013,0.992,11.108,-9.887,-4.089
0.213,-0.028,0.966,-14.221,-10.803,3.051
0.269,-0.065,0.999,-24.902,9.155,6.774
0.188,0.003,0.94,12.207,-14.587,-15.136
0.326,-0.02,0.969,-6.713,-0.915,-9.887
0.285,0.0,0.981,1.464,1.77,-9.643
0.342,-0.012,0.961,0.488,0.854,-1.22
0.311,-0.006,0.942,2.502,-1.708,1.831
0.304,-0.027,0.986,0.488,2.685,4.76
0.272,-0.026,0.964,5.065,1.77,5.126
0.256,-0.044,0.969,3.54,1.892,6.713
0.851,0.129,0.495,0.305,-1.831,0.0
0.856,0.135,0.502,0.122,-2.014,0.183
0.854,0.133,0.5,0.0,-2.075,0.183
0.854,0.135,0.502,0.0,-0.915,-0.122
0.849,0.134,0.501,0.366,0.549,-0.427
0.85,0.136,0.5,0.305,0.61,-0.183
0.85,0.135,0.492,0.244,0.427,0.0
0.856,0.138,0.497,0.305,-0.061,-0.183
0.861,0.137,0.501,0.183,-0.61,-0.122
0.862,0.136,0.501,0.305,-3.234,0.061
0.847,0.133,0.5,0.183,-2.929,-0.122
0.848,0.135,0.502,0.122,-0.732,-0.427
0.85,0.135,0.496,0.122,-0.122,-0.244
0.851,0.135,0.502,0.305,0.061,-0.244
0.854,0.135,0.499,0.305,-1.159,-0.122
0.855,0.134,0.505,0.305,-1.586,-0.427
0.846,0.133,0.507,0.061,0.976,-0.305
0.849,0.132,0.503,0.488,-1.098,0.0
0.851,0.133,0.5,0.427,-1.525,0.061
0.85,0.13,0.501,0.061,1.403,-0.427
0.857,0.13,0.497,0.0,1.342,-0.244
0.854,0.134,0.491,0.183,0.732,-0.122
0.855,0.132,0.491,0.305,0.366,-0.244
0.858,0.125,0.495,0.244,0.915,-0.061
0.853,0.136,0.494,0.122,0.793,-0.061
0.857,0.133,0.494,0.122,0.915,0.0
0.861,0.132,0.488,0.183,0.488,-0.183
0.86,0.134,0.491,0.366,0.427,-0.061
0.857,0.134,0.494,0.427,-0.793,-0.305
0.857,0.129,0.492,0.244,-1.403,-0.061
0.857,0.133,0.49,0.305,0.183,-0.122
0.86,0.132,0.498,0.366,0.793,-0.061
0.859,0.132,0.493,0.122,0.732,-0.061
0.859,0.135,0.496,0.183,1.037,-0.244
0.855,0.125,0.496,0.183,0.0,-0.122
0.858,0.125,0.495,0.183,-0.488,-0.061
0.854,0.131,0.494,0.305,0.488,-0.122
0.856,0.128,0.496,0.305,0.488,0.0
0.856,0.13,0.497,0.244,0.61,-0.183
0.854,0.131,0.487,0.366,0.366,-0.061
-0.405,-0.101,0.838,37.17,4.699,2.014
-0.401,-0.083,0.956,16.723,0.061,-1.586
-0.444,0.048,0.943,-0.732,-2.502,-6.103
-0.413,-0.05,0.872,3.295,0.915,-4.15
-0.425,0.002,0.873,3.54,3.845,12.084
-0.386,-0.024,0.958,8.178,9.399,11.291
-0.476,-0.013,0.92,-0.732,-20.874,-21.545
-0.328,-0.317,0.867,39.733,-21.728,-21.179
-0.758,0.278,0.554,-51.757,66.833,-50.842
-0.458,-0.01,0.775,36.437,-19.958,-66.406
-0.389,-0.118,1.034,-10.986,21.179,-59.082
-0.808,-0.157,0.969,1.159,-36.682,-65.368
-0.572,-0.397,0.945,-37.963,-34.484,-24.23
-0.544,-0.117,1.0,-38.94,-33.386,-9.887
-0.439,-0.095,0.825,4.577,-9.399,-36.315
-0.084,-0.233,0.702,5.31,3.173,-4.089
-0.236,-0.377,0.824,-38.452,55.175,19.714
-0.65,-0.016,1.026,-19.165,-54.87,6.774
-0.221,-0.094,0.805,-34.301,-27.648,12.268
-0.267,-0.236,0.771,-5.92,-27.587,22.033
-0.343,-0.002,0.871,22.644,-8.056,-11.779
-0.288,-0.004,0.894,0.183,2.746,-13.0
-0.324,-0.084,1.066,-31.311,8.789,2.624
-0.33,0.0,0.887,1.831,-6.103,4.272
-0.278,-0.107,0.954,2.197,3.845,-4.699
-0.344,-0.052,0.903,1.708,0.061,1.281
-0.304,-0.079,0.919,-3.723,3.356,-9.155
-0.242,-0.842,1.188,103.149,-10.192,52.795
-0.442,-0.651,1.163,14.892,-64.819,39.062
-0.633,0.685,1.363,-170.043,-5.92,-38.879
-0.173,0.388,0.679,53.405,-99.121,-44.677
0.061,-0.202,1.158,-44.128,-1.281,10.437
-0.137,-0.083,0.767,-9.643,-44.433,26.855
-0.271,0.041,0.819,-23.315,0.61,13.305
-0.147,0.195,0.951,-30.09,24.414,-2.258
-0.062,-0.084,1.035,-9.094,31.677,-13.305
0.004,-0.215,0.984,-6.53,-9.704,-7.202
-0.003,-0.177,0.958,0.183,-19.042,2.014
-0.07,-0.207,0.941,36.682,-36.437,-11.291
-0.051,-0.114,1.087,1.037,-30.212,-0.976
-0.379,0.259,0.856,0.061,-0.732,0.0
-0.377,0.253,0.861,1.159,-0.976,-1.708
-0.355,0.252,0.897,0.732,1.403,-0.732
-0.386,0.236,0.892,10.742,-1.159,-3.662
-0.376,0.259,0.867,6.103,0.854,-1.159
-0.35,0.252,0.906,-0.427,-1.037,-1.159
-0.373,0.269,0.87,1.403,3.845,1.098
-0.384,0.283,0.916,0.183,1.281,-4.028
-0.32,0.155,1.06,16.967,-0.427,-21.057
-0.271,-0.001,0.947,-20.751,-28.93,51.696
-0.696,0.23,0.559,-79.956,-36.926,-3.723
-0.457,0.145,0.746,-7.263,-41.564,-19.165
-0.346,-0.026,0.888,-13.916,-32.958,-2.624
-0.335,0.119,0.743,-45.104,-30.334,-5.371
-0.294,0.117,0.88,-44.86,-11.657,-26.428
-0.168,-0.161,1.036,-7.995,-7.385,13.854
-0.282,0.024,0.922,-68.115,-6.958,6.652
-0.168,0.079,1.062,-31.86,1.464,-10.131
-0.202,-0.186,0.908,-11.413,-5.981,-9.826
-0.27,-0.026,0.908,-24.597,-32.165,11.535
0.901,-0.144,0.416,0.61,-14.099,1.281
0.911,-0.141,0.395,0.366,-0.854,0.305
0.905,-0.142,0.383,0.427,-17.944,0.793
0.919,-0.143,0.369,0.427,-14.038,0.976
0.919,-0.144,0.355,0.366,-5.065,0.122
0.927,-0.145,0.349,0.122,-12.817,0.854
0.929,-0.146,0.336,0.366,-12.634,0.671
0.933,-0.146,0.319,0.122,-7.202,0.427
0.941,-0.14,0.31,0.549,-10.009,0.732
0.934,-0.149,0.299,0.61,-11.047,0.549
0.936,-0.148,0.294,0.061,-8.666,0.549
0.944,-0.15,0.284,0.183,-8.483,0.61
0.947,-0.145,0.277,0.427,-8.972,0.366
0.949,-0.156,0.266,0.366,-8.666,0.427
0.962,-0.155,0.257,0.549,-8.117,0.549
0.955,-0.146,0.248,0.305,-7.995,0.305
0.959,-0.156,0.238,0.244,-8.239,0.549
0.963,-0.151,0.235,0.244,-7.263,0.305
0.957,-0.154,0.221,0.183,-6.469,0.122
0.96,-0.155,0.217,0.244,-7.629,0.305
0.985,-0.166,0.0,0.244,-0.61,-0.183
0.977,-0.164,0.001,0.183,-0.488,-0.122
0.98,-0.164,0.0,0.305,-0.793,-0.183
0.982,-0.169,0.004,0.366,-0.305,-0.183
0.985,-0.169,0.0,0.305,-0.122,-0.244
0.982,-0.17,-0.002,0.122,-0.366,-0.244
0.984,-0.165,0.001,0.244,-0.732,-0.122
0.982,-0.171,-0.003,0.305,0.793,-0.244
0.981,-0.161,0.0,0.0,0.732,-0.244
0.981,-0.166,0.0,0.305,0.732,-0.183
0.984,-0.169,-0.005,0.244,-0.122,-0.122
0.987,-0.168,0.0,0.061,-0.122,-0.183
0.981,-0.17,-0.006,0.183,-0.61,-0.305
0.985,-0.171,-0.004,0.427,-1.159,0.183
0.985,-0.168,-0.003,0.244,-0.122,-0.122
0.98,-0.164,0.0,0.305,0.305,-0.061
0.985,-0.169,-0.007,0.122,1.159,-0.305
0.982,-0.171,-0.009,-0.061,-1.159,-0.122
0.979,-0.171,-0.001,0.183,-1.098,0.122
0.982,-0.17,-0.006,0.427,1.159,-0.244
0.982,-0.175,-0.039,0.244,-0.793,-0.122
0.98,-0.17,-0.037,0.305,-0.793,-0.061
0.98,-0.171,-0.036,0.122,-0.427,-0.061
0.982,-0.175,-0.04,0.427,-0.61,-0.122
0.985,-0.167,-0.04,0.183,-1.22,-0.122
0.975,-0.176,-0.034,0.244,-0.854,0.061
0.981,-0.171,-0.044,0.061,0.305,-0.061
0.976,-0.172,-0.04,0.305,0.122,0.0
0.98,-0.175,-0.039,0.244,-1.159,-0.061
0.98,-0.17,-0.036,0.244,-0.976,0.061
0.979,-0.171,-0.039,0.122,0.0,-0.305
0.979,-0.165,-0.04,0.122,-0.915,-0.122
0.979,-0.175,-0.038,0.122,-0.732,0.061
0.98,-0.169,-0.038,0.183,-1.037,0.061
0.98,-0.178,-0.035,0.366,-0.976,0.0
0.983,-0.166,-0.044,0.305,0.732,-0.244
0.983,-0.169,-0.043,0.244,1.647,-0.305
0.982,-0.167,-0.043,0.061,-0.183,-0.366
0.979,-0.173,-0.041,0.427,-2.075,0.0
0.981,-0.172,-0.051,0.366,-0.793,-0.122
0.979,-0.174,-0.069,0.366,0.122,-0.305
0.978,-0.174,-0.075,0.244,-0.732,-0.183
0.976,-0.175,-0.068,0.244,-1.159,-0.122
0.975,-0.174,-0.065,0.122,-0.183,-0.061
0.974,-0.173,-0.068,0.366,0.976,-0.305
0.981,-0.177,-0.072,0.122,0.427,-0.305
0.977,-0.17,-0.071,0.366,-1.281,-0.122
0.975,-0.175,-0.067,0.305,-0.854,-0.183
0.975,-0.173,-0.069,0.244,0.183,-0.061
0.975,-0.17,-0.073,0.244,0.976,-0.244
0.975,-0.174,-0.073,0.183,-0.488,-0.183
0.976,-0.17,-0.065,0.183,-2.014,0.061
0.979,-0.175,-0.061,0.122,-0.061,-0.122
0.973,-0.173,-0.068,0.0,-0.305,0.122
0.975,-0.18,-0.074,0.244,0.61,-0.061
0.985,-0.174,-0.064,0.366,1.22,-0.244
0.975,-0.175,-0.069,0.244,-0.183,-0.122
0.978,-0.171,-0.078,0.244,-0.549,-0.061
0.979,-0.175,-0.069,0.366,-0.854,-0.183
0.976,-0.172,-0.069,0.305,-1.098,-0.122
0.978,-0.175,-0.089,0.244,0.427,-0.244
0.974,-0.174,-0.086,0.061,-0.915,-0.244
0.977,-0.174,-0.089,0.488,-0.427,0.061
0.983,-0.176,-0.089,0.366,0.915,-0.183
0.982,-0.174,-0.084,0.183,0.0,-0.183
0.978,-0.175,-0.085,0.183,-0.061,-0.183
0.973,-0.176,-0.079,0.244,-0.549,-0.244
0.974,-0.177,-0.079,0.427,-0.671,0.0
0.974,-0.171,-0.09,0.305,0.366,-0.183
0.974,-0.176,-0.087,0.366,0.366,-0.061
0.976,-0.177,-0.083,0.305,0.366,-0.061
0.975,-0.176,-0.086,0.183,-0.122,0.0
0.977,-0.179,-0.082,0.122,0.671,-0.061
0.98,-0.173,-0.085,0.122,0.488,0.0
0.977,-0.175,-0.088,0.183,-0.549,-0.061
0.98,-0.175,-0.087,0.061,-0.793,0.0
0.981,-0.18,-0.093,0.244,0.183,-0.061
0.972,-0.171,-0.087,0.488,0.244,-0.122
0.977,-0.182,-0.085,0.305,0.122,-0.061
0.976,-0.171,-0.086,0.183,-0.061,-0.122
0.968,-0.177,-0.098,0.488,0.366,-0.305
0.971,-0.174,-0.099,0.244,-0.549,-0.183
0.974,-0.175,-0.101,0.061,-1.22,-0.305
0.976,-0.174,-0.1,0.244,-0.549,0.061
0.973,-0.18,-0.095,0.366,0.244,-0.183
0.973,-0.173,-0.101,0.183,-0.061,-0.061
0.975,-0.175,-0.101,0.183,-0.366,-0.244
0.974,-0.175,-0.096,0.183,-0.122,0.183
0.972,-0.177,-0.099,0.244,-0.183,-0.061
0.977,-0.176,-0.099,0.183,0.183,-0.305
0.97,-0.175,-0.103,0.305,0.244,-0.122
0.976,-0.181,-0.102,0.244,0.427,-0.305
0.976,-0.176,-0.101,0.183,1.098,-0.122
0.971,-0.176,-0.102,0.244,0.0,-0.305
0.973,-0.175,-0.096,0.305,-1.098,-0.061
0.97,-0.18,-0.099,0.122,-0.793,0.122
0.973,-0.173,-0.101,0.061,0.061,-0.122
0.966,-0.172,-0.098,0.244,0.915,-0.122
0.974,-0.176,-0.102,0.305,0.915,-0.305
0.974,-0.169,-0.099,0.366,0.122,-0.427
0.97,-0.175,-0.115,0.244,-0.305,-0.122
0.97,-0.175,-0.109,0.366,0.122,0.0
0.972,-0.178,-0.116,0.061,0.427,-0.061
0.972,-0.178,-0.111,0.244,0.793,-0.183
0.978,-0.18,-0.111,0.183,0.305,-0.244
0.977,-0.179,-0.111,0.122,-0.61,-0.305
0.97,-0.173,-0.105,0.366,-0.732,-0.183
0.979,-0.174,-0.112,0.305,-0.244,-0.061
0.967,-0.18,-0.113,0.305,0.793,-0.244
0.975,-0.175,-0.105,0.305,0.732,-0.183
0.97,-0.177,-0.107,0.305,-0.976,-0.061
0.977,-0.179,-0.11,0.244,-0.793,0.061
0.966,-0.177,-0.113,0.183,-0.305,-0.122
0.969,-0.176,-0.111,0.305,0.244,-0.061
0.974,-0.177,-0.111,0.244,1.098,-0.183
0.968,-0.181,-0.111,0.244,0.915,-0.122
0.967,-0.18,-0.116,0.244,0.366,-0.366
0.972,-0.177,-0.111,0.305,-0.732,-0.061
0.968,-0.178,-0.105,0.183,-0.488,-0.183
0.973,-0.181,-0.11,0.122,0.488,-0.183
0.974,-0.175,-0.118,0.122,1.037,-0.305
0.976,-0.181,-0.119,0.244,0.061,-0.244
0.976,-0.179,-0.117,0.305,-0.305,-0.183
0.969,-0.18,-0.113,0.183,-0.305,0.183
0.972,-0.176,-0.12,0.488,0.976,0.183
0.975,-0.176,-0.117,0.0,1.098,-0.122
0.977,-0.173,-0.107,0.0,0.061,-0.244
0.972,-0.18,-0.113,0.488,-0.305,-0.122
0.977,-0.178,-0.112,0.305,0.122,0.061
0.969,-0.182,-0.116,0.244,1.708,-0.366
0.967,-0.18,-0.117,0.061,0.671,-0.244
0.971,-0.176,-0.117,0.122,-1.098,-0.122
0.969,-0.173,-0.114,1.464,1.831,3.54
0.97,-0.176,-0.12,-0.427,1.464,-0.854
0.971,-0.181,-0.117,-0.488,-2.441,-0.732
0.975,-0.179,-0.108,0.183,-4.943,0.305
0.97,-0.184,-0.109,0.488,-0.183,0.244
0.97,-0.182,-0.12,0.122,3.051,0.0
0.973,-0.183,-0.122,0.0,1.953,-0.61
0.97,-0.183,-0.12,0.0,-1.403,0.0
1.129,-0.374,0.196,-24.414,-188.659,-59.692
1.027,-0.154,0.111,-27.16,10.375,10.253
0.988,0.151,0.202,-12.329,2.929,-4.455
1.053,-0.166,0.112,-24.353,-4.821,2.563
0.967,0.18,0.109,-12.023,-1.403,3.295
1.014,-0.089,0.116,-2.624,-36.01,-4.638
1.005,-0.076,0.05,3.295,8.117,1.098
1.009,-0.073,0.105,2.746,-26.367,-10.192
1.006,-0.074,0.047,0.793,24.78,3.173
0.989,-0.072,0.078,-0.305,21.911,0.61
1.009,-0.038,0.098,-0.732,-28.442,-4.211
0.968,-0.057,0.089,1.037,-4.272,4.211
1.002,-0.066,0.112,-1.525,-38.513,-2.136
0.988,-0.063,0.106,4.211,-8.789,4.882
1.005,-0.055,0.066,15.075,36.376,-8.911
0.885,-0.084,0.076,8.972,-25.451,-13.183
0.92,-0.044,0.165,0.0,-71.899,0.366
1.002,-0.029,0.144,2.868,-9.216,-2.624
1.043,-0.026,0.081,2.014,-2.319,-4.699
0.981,-0.02,0.065,2.075,12.878,1.586
0.994,0.015,0.093,0.732,0.0,-0.061
0.992,0.017,0.081,0.671,0.183,-0.122
0.985,0.017,0.094,0.61,0.183,-0.061
0.988,0.014,0.087,0.732,-0.122,-0.244
0.988,0.018,0.094,0.549,0.122,-0.122
0.987,0.012,0.09,0.427,0.061,-0.183
0.991,0.01,0.098,0.549,0.244,-0.183
0.995,0.017,0.093,0.61,0.122,-0.061
0.992,0.017,0.091,0.427,0.061,-0.061
0.988,0.012,0.091,0.488,0.061,-0.122
0.989,0.011,0.093,0.549,0.244,-0.183
0.994,0.016,0.091,0.488,0.305,-0.183
0.99,0.009,0.098,0.549,0.366,-0.061
0.992,0.018,0.093,0.488,0.122,-0.122
0.996,0.015,0.086,0.488,0.427,-0.366
0.984,0.016,0.084,0.549,0.244,-0.244
0.991,0.013,0.094,0.732,-0.549,-3.417
0.99,0.019,0.093,0.549,-0.976,-6.225
1.004,0.021,0.087,0.549,0.0,0.122
0.992,0.026,0.088,0.366,0.366,-0.183
0.993,0.027,0.09,0.549,0.0,-0.122
0.991,0.034,0.087,0.427,0.183,-0.061
0.993,0.033,0.087,0.427,0.122,-0.183
0.993,0.036,0.083,0.671,0.061,-0.183
0.987,0.039,0.082,0.488,-0.122,-0.122
0.993,0.039,0.086,0.488,0.122,-0.183
0.996,0.034,0.078,0.488,-0.061,-0.183
0.989,0.037,0.079,0.427,0.0,-0.366
0.998,0.032,0.092,0.305,0.122,-0.061
0.99,0.036,0.088,0.488,0.122,-0.061
0.992,0.034,0.085,0.366,0.122,-0.183
0.998,0.036,0.082,0.488,0.061,-0.122
0.989,0.034,0.082,0.427,0.366,-0.122
0.989,0.031,0.086,0.488,0.183,-0.122
0.99,0.029,0.082,0.366,0.122,-0.244
0.994,0.033,0.083,0.427,0.122,-0.061
0.991,0.034,0.085,0.61,0.0,0.0
0.989,0.031,0.083,0.366,0.122,-0.122
0.991,0.034,0.086,0.427,0.183,-0.061
0.995,0.036,0.081,0.366,0.061,-0.122
0.987,0.035,0.087,0.244,0.061,-0.244
0.987,0.031,0.08,0.244,0.061,-0.061
0.991,0.036,0.084,0.366,0.305,-0.061
0.986,0.031,0.086,0.244,0.244,-0.183
0.996,0.034,0.083,0.244,0.122,-0.244
0.992,0.037,0.084,0.305,-0.061,0.0
0.994,0.035,0.085,0.366,0.0,-0.122
0.99,0.028,0.091,0.427,0.0,0.061
0.988,0.038,0.085,0.366,0.061,-0.244
0.982,0.039,0.079,0.366,0.183,-0.427
0.987,0.034,0.085,0.183,0.244,-0.061
0.989,0.042,0.092,0.244,0.0,-0.061
0.995,0.037,0.092,0.366,0.061,-0.183
0.989,0.035,0.089,0.244,0.122,-0.122
0.991,0.033,0.087,0.427,-0.061,-0.183
0.99,0.032,0.081,0.305,0.122,-0.122
0.991,0.037,0.076,0.366,0.122,-0.183
0.986,0.028,0.084,0.244,-0.122,-0.122
0.992,0.032,0.086,0.366,0.122,-0.122
0.99,0.034,0.088,0.305,0.244,-0.061
0.987,0.03,0.088,0.366,0.244,-0.183
0.992,0.035,0.082,0.366,0.0,-0.305
0.993,0.033,0.082,0.366,-0.183,-0.122
0.991,0.035,0.084,0.427,0.183,0.0
0.986,0.035,0.085,0.305,0.244,-0.244
0.991,0.035,0.081,0.366,0.122,-0.122
0.987,0.033,0.088,0.305,0.183,-0.061
0.991,0.036,0.087,0.183,0.244,-0.061
0.991,0.035,0.081,0.122,0.122,0.061
0.993,0.034,0.078,0.305,0.305,-0.122
0.99,0.039,0.085,0.183,0.183,-0.122
0.997,0.039,0.084,0.305,0.061,-0.183
0.989,0.032,0.09,0.122,0.305,-0.183
0.989,0.03,0.087,0.366,0.122,-0.305
0.988,0.037,0.089,0.305,0.305,-0.122
0.989,0.036,0.083,0.305,0.183,-0.244
0.99,0.034,0.085,0.183,0.0,-0.244
0.993,0.034,0.08,0.366,0.244,-0.183
0.995,0.034,0.085,0.244,0.0,-0.427
0.995,0.035,0.087,0.366,0.183,0.976
0.208,0.479,-3.666,76.904,1022.338,191.223
0.173,0.618,-0.985,-39.184,-106.628,56.701
0.097,0.541,-1.198,-4.15,-104.553,-5.676
0.276,0.4,-0.751,-6.286,-136.352,-11.474
0.216,0.398,-0.969,-6.774,11.84,-24.658
0.123,0.386,-0.846,7.446,-69.641,0.488
0.17,0.394,-0.838,-5.798,-29.785,-0.549
0.183,0.408,-0.888,3.845,5.493,-1.22
0.168,0.396,-0.878,-1.464,-27.038,-2.685
0.159,0.404,-0.894,-0.244,3.479,-0.732
0.145,0.405,-0.886,1.403,0.427,-0.305
0.157,0.411,-0.89,0.122,-0.671,-0.183
0.156,0.413,-0.889,0.671,0.427,0.061
0.151,0.404,-0.891,0.366,0.0,-0.183
0.153,0.41,-0.892,0.671,0.671,0.427
0.146,0.399,-0.891,0.366,-0.366,0.488
0.137,0.407,-0.892,0.915,-0.732,0.061
0.152,0.405,-0.886,-0.305,-2.014,1.22
0.131,0.402,-0.888,0.976,-0.244,0.122
0.154,0.403,-0.892,-0.183,-0.976,0.183
0.136,0.389,-0.897,0.305,0.061,-0.122
0.138,0.396,-0.899,0.488,0.122,-0.183
0.138,0.397,-0.891,0.427,-0.061,-0.061
0.139,0.391,-0.897,0.244,0.488,-0.305
0.139,0.397,-0.887,0.366,0.244,-0.305
0.142,0.392,-0.892,0.061,-0.061,-0.183
0.138,0.393,-0.895,0.305,-0.366,-0.244
0.138,0.4,-0.901,0.427,-0.122,-0.122
0.136,0.393,-0.89,0.366,0.183,-0.183
0.14,0.394,-0.896,0.366,0.305,-0.183
0.135,0.397,-0.897,0.366,0.183,-0.183
0.137,0.399,-0.895,0.366,0.0,-0.183
0.14,0.395,-0.891,0.427,-0.183,-0.122
0.138,0.397,-0.892,0.488,-0.061,-0.244
0.139,0.393,-0.895,0.488,0.0,-0.305
0.133,0.397,-0.898,0.305,0.061,-0.305
0.135,0.391,-0.896,0.366,0.122,-0.183
0.141,0.396,-0.892,0.427,-0.244,-0.183
0.139,0.398,-0.893,0.244,0.427,-0.305
0.133,0.394,-0.898,0.305,0.305,-0.244
0.14,0.39,-0.891,0.427,0.488,-0.061
0.135,0.391,-0.897,0.244,0.122,-0.244
0.137,0.397,-0.896,0.366,-0.061,-0.183
0.137,0.389,-0.895,0.488,-0.61,0.061
0.145,0.392,-0.895,0.61,-0.488,-0.061
0.138,0.387,-0.893,0.488,0.427,-0.122
0.143,0.387,-0.891,0.427,0.549,-0.183
0.136,0.388,-0.897,0.366,-0.061,-0.122
0.137,0.392,-0.901,0.61,-0.61,-0.122
0.141,0.394,-0.9,0.366,0.244,-0.183
0.136,0.392,-0.906,0.305,0.61,-0.122
0.135,0.391,-0.89,0.183,0.61,-0.183
0.136,0.385,-0.899,0.366,-0.061,-0.122
0.14,0.391,-0.895,0.427,-0.244,-0.183
0.138,0.389,-0.885,0.549,-0.488,0.0
0.137,0.387,-0.895,0.366,0.183,-0.122
0.136,0.392,-0.898,0.305,0.122,0.061
0.14,0.391,-0.891,0.488,-0.183,-0.122
0.136,0.39,-0.896,0.549,-0.305,-0.244
0.139,0.391,-0.898,0.549,0.183,-0.183
0.135,0.387,-0.905,0.427,0.427,-0.183
0.141,0.385,-0.903,0.305,0.61,-0.305
0.135,0.386,-0.895,0.244,0.366,-0.122
0.138,0.393,-0.895,0.305,-0.244,-0.122
0.143,0.384,-0.897,0.488,-0.488,-0.122
0.139,0.388,-0.903,0.549,-0.061,-0.061
0.135,0.384,-0.897,0.366,0.244,-0.244
0.141,0.386,-0.897,0.427,0.244,-0.244
0.134,0.383,-0.901,0.305,-0.061,-0.122
0.146,0.382,-0.895,0.488,-1.342,-0.122
0.138,0.385,-0.895,0.671,0.488,-0.183
0.137,0.383,-0.899,0.366,0.976,-0.305
0.136,0.385,-0.905,0.305,0.915,-0.061
0.138,0.386,-0.898,0.427,-0.671,0.244
0.131,0.386,-0.898,0.549,-0.61,-0.305
0.136,0.389,-0.904,0.549,0.732,-0.305
0.139,0.389,-0.897,0.305,0.549,-0.122
0.136,0.384,-0.9,0.305,0.427,0.122
0.14,0.395,-0.897,0.366,-0.488,-0.122
0.14,0.385,-0.899,0.427,-0.976,-0.122
0.138,0.386,-0.899,0.427,-0.305,-0.183
0.135,0.389,-0.897,0.549,0.0,-0.305
0.142,0.381,-0.897,0.305,0.671,-0.122
0.131,0.387,-0.897,0.427,-0.122,-0.183
0.138,0.384,-0.9,0.366,-0.305,-0.244
0.134,0.389,-0.9,0.488,0.0,-0.122
0.137,0.388,-0.899,0.488,0.427,-0.122
0.137,0.388,-0.905,0.366,0.122,0.0
0.137,0.39,-0.904,0.183,-0.183,-0.183
0.138,0.387,-0.894,0.305,-0.366,0.0
0.142,0.39,-0.898,0.488,-0.427,-0.061
0.14,0.385,-0.898,0.549,-0.183,-0.305
0.139,0.385,-0.899,0.488,0.488,-0.183
0.138,0.387,-0.9,0.183,0.488,0.061
0.133,0.386,-0.904,0.244,0.183,-0.183
0.134,0.384,-0.897,0.305,-0.122,-0.183
0.138,0.388,-0.9,0.305,-0.122,-0.122
0.135,0.383,-0.902,0.427,0.61,-0.183
0.138,0.381,-0.903,0.305,0.61,-0.183
0.134,0.39,-0.903,0.183,0.793,-0.122
-0.008,0.925,-0.264,26.916,-6.652,30.151
-0.058,0.964,-0.235,22.399,-9.277,16.784
-0.067,0.953,-0.236,3.601,-26.916,1.525
-0.057,1.047,-0.231,-30.09,-32.348,-10.314
-0.039,0.984,-0.262,-46.874,-68.847,3.234
-0.047,1.049,-0.312,-38.574,-117.065,15.197
0.031,0.96,-0.339,48.767,-110.107,64.208
0.107,0.981,-0.275,150.634,-107.055,111.633
0.075,1.045,-0.17,205.444,-87.158,112.365
0.046,0.699,-0.132,44.372,-50.964,77.636
0.058,0.799,-0.199,-172.302,117.248,24.902
0.016,1.045,-0.293,-218.994,293.579,-32.043
-0.019,1.123,-0.416,-249.023,-34.301,-45.471
0.138,1.427,-0.437,-71.777,-114.99,-84.045
0.193,0.919,-0.434,216.979,22.46,-33.02
0.241,1.048,-0.261,330.444,68.664,49.987
0.154,0.935,-0.101,202.758,39.672,90.759
0.053,0.633,-0.067,-14.77,-17.028,56.396
-0.04,0.823,-0.178,-219.909,-10.375,-13.244
0.03,1.098,-0.33,-271.911,-18.31,-43.64
0.091,0.945,0.108,9.216,1.403,-0.549
0.123,0.968,0.115,5.249,2.685,-0.732
0.109,0.957,0.13,5.676,5.554,4.028
0.105,0.996,0.1,1.342,1.281,-0.549
0.119,1.001,0.105,12.573,-2.624,9.704
0.13,0.987,0.107,12.512,-3.784,7.751
0.136,0.98,0.07,18.798,-7.568,-4.333
0.102,0.916,0.047,17.15,-2.99,-7.69
0.116,0.974,0.051,-1.77,-1.708,-12.268
0.12,1.014,0.049,11.535,3.417,-16.662
0.092,0.985,-0.001,5.676,6.53,-4.638
0.074,0.965,0.009,-0.976,8.605,2.441
0.074,0.974,0.006,1.281,2.746,-7.568
0.069,0.954,0.054,0.61,3.234,-4.882
0.072,0.988,0.022,3.54,0.793,-3.417
0.082,0.982,0.024,5.371,1.037,-6.042
0.06,0.963,0.003,-0.976,-2.197,0.793
0.056,0.991,0.045,-7.812,-5.187,0.305
0.077,0.968,0.023,2.685,-1.953,2.075
0.074,0.995,0.02,-3.051,-5.554,-6.835
0.05,0.973,0.064,-3.601,-0.366,-0.427
0.043,0.971,0.077,1.098,-0.366,0.549
0.047,0.981,0.078,-0.183,1.892,3.723
0.055,0.981,0.078,-0.305,0.366,2.746
0.063,0.982,0.076,-0.305,-0.244,-4.15
0.047,0.967,0.064,0.976,0.854,2.441
0.055,0.985,0.071,-1.342,0.915,1.22
0.06,0.978,0.098,2.563,0.0,-0.183
0.057,0.979,0.072,-1.159,0.976,0.061
0.063,0.985,0.077,0.183,0.183,-0.305
0.054,0.987,0.078,-3.417,1.647,2.929
0.063,0.971,0.088,2.014,-0.366,1.098
0.059,0.984,0.075,1.953,-0.549,-2.685
0.052,0.988,0.076,-2.319,-1.159,-0.732
0.066,0.979,0.074,1.159,0.305,-0.305
0.068,0.99,0.081,0.0,0.183,-0.61
0.05,0.98,0.086,-0.488,-0.61,-0.488
0.073,0.985,0.045,-1.953,0.122,-1.525
0.057,0.984,0.081,2.197,-0.427,-0.732
0.053,0.991,0.103,-1.586,-1.892,-1.342
0.077,0.975,0.114,-1.159,0.244,-2.136
0.045,0.968,0.086,2.38,0.427,3.845
0.074,0.982,0.098,-4.028,0.732,-2.929
0.054,0.987,0.088,3.417,0.183,0.183
0.071,0.998,0.108,-3.479,0.549,-3.601
0.049,0.972,0.09,-0.122,0.793,4.699
0.078,0.979,0.11,-2.929,1.098,-1.037
0.061,0.969,0.102,2.441,-0.183,1.464
0.078,0.985,0.111,0.0,-1.403,-5.432
0.044,0.982,0.104,1.037,-0.61,-1.464
0.076,0.993,0.098,-0.854,1.037,-4.211
0.048,0.949,0.093,7.812,-1.892,5.737
0.08,0.982,0.119,-4.333,4.455,4.272
0.073,0.996,0.086,6.835,-0.061,-1.281
0.04,0.966,0.089,-3.295,2.502,3.112
0.076,0.939,0.115,0.793,6.591,8.422
0.099,0.997,0.095,2.868,6.958,-3.54
0.051,0.983,0.083,0.976,4.821,3.173
0.078,0.966,0.098,-0.915,3.417,-2.685
0.07,0.97,0.106,3.173,3.295,0.122
0.104,0.983,0.143,-1.342,2.746,2.868
0.102,0.968,0.127,-0.488,0.366,-0.061
0.095,0.962,0.135,1.708,0.793,0.854
0.109,0.986,0.118,-0.244,-0.305,-1.159
0.093,0.974,0.128,0.244,-0.305,1.525
0.108,0.97,0.136,1.708,-0.061,-0.366
0.091,0.977,0.139,1.77,0.305,0.976
0.104,0.977,0.118,0.732,0.122,1.464
0.106,0.977,0.12,0.732,-0.427,0.305
0.098,0.972,0.12,0.488,0.122,1.586
0.115,0.968,0.13,1.098,-0.244,-1.281
0.098,0.983,0.121,-0.244,-0.61,-1.953
0.106,0.969,0.131,-0.61,1.342,1.22
0.106,0.979,0.134,-0.854,2.075,0.488
0.104,0.991,0.121,1.708,-0.549,-0.488
0.108,0.964,0.133,1.464,0.366,-0.305
0.098,0.965,0.128,-0.427,2.38,4.272
0.127,0.973,0.142,0.793,1.22,-0.732
0.093,0.963,0.118,0.305,0.366,-0.183
0.115,0.97,0.132,-2.075,0.305,0.0
0.117,0.977,0.127,2.624,-2.136,-3.051
0.12,0.971,0.139,-2.014,-0.61,-4.333
0.112,0.984,0.138,0.244,-1.159,-1.525
0.119,1.006,0.148,-4.943,4.455,2.014
0.054,0.948,0.126,3.723,-2.99,-1.892
0.058,0.946,0.125,7.995,-0.244,8.178
0.128,0.991,0.131,-2.319,0.183,-3.723
0.104,0.991,0.127,3.662,-0.549,-4.15
0.103,0.96,0.134,-4.577,0.732,0.793
0.109,0.979,0.139,1.586,-1.159,-3.662
0.09,0.952,0.131,0.366,-0.366,0.061
0.119,0.99,0.14,-3.173,-0.183,-2.624
0.101,0.965,0.146,-0.61,0.061,-0.671
0.107,0.96,0.144,0.061,0.427,0.61
0.106,0.968,0.139,1.892,0.183,1.892
0.108,0.983,0.138,-0.488,0.61,-0.915
0.114,0.963,0.143,4.699,0.183,1.831
0.116,0.968,0.14,-0.854,0.671,-1.464
0.097,0.965,0.134,1.159,-0.183,1.77
0.124,0.977,0.144,-1.159,0.244,-1.831
0.153,0.977,0.143,1.892,-1.342,-1.647
0.139,0.952,0.159,0.915,0.793,0.183
0.147,0.966,0.158,0.305,0.122,-1.831
0.131,0.958,0.147,0.732,0.549,1.403
0.153,0.96,0.161,-0.915,0.366,-1.159
0.14,0.97,0.148,1.281,-1.22,-2.746
0.135,0.958,0.157,-1.892,0.488,-0.427
0.14,0.963,0.148,0.122,-0.061,1.525
0.145,0.975,0.154,-1.708,0.732,0.305
0.142,0.97,0.148,2.014,-1.22,-1.037
0.132,0.966,0.152,-2.502,1.525,-0.061
0.136,0.968,0.15,1.892,-0.244,2.563
0.154,0.952,0.166,0.0,0.305,-1.586
0.136,0.949,0.154,4.577,-0.488,-0.366
0.145,0.96,0.165,0.305,-1.342,-3.479
0.143,0.966,0.15,5.493,-12.634,-6.652
0.16,0.98,0.149,7.446,-7.385,-1.098
0.132,0.952,0.147,8.85,1.22,3.723
0.16,0.988,0.141,0.61,-9.277,-0.671
0.173,0.944,0.144,3.784,1.281,6.835
0.129,0.969,0.07,2.624,-0.305,-2.563
0.078,0.979,0.067,-0.061,0.488,-3.906
0.114,0.959,0.098,10.253,7.08,-2.197
0.119,0.979,0.05,2.075,2.868,-1.037
0.094,0.987,0.049,-1.953,-2.685,-0.976
0.1,0.977,0.048,2.014,0.732,1.525
0.105,0.984,0.048,-0.671,-2.868,-2.197
0.105,0.97,0.051,-0.549,-1.281,1.342
0.111,0.979,0.045,-0.61,-2.746,-0.183
0.096,0.958,0.016,-0.793,-20.141,14.404
0.288,0.808,-0.321,-181.213,218.261,-39.001
-0.049,0.272,0.125,-241.21,-522.644,-51.574
0.169,0.462,0.201,-252.441,-43.212,-10.375
0.05,0.333,0.022,199.035,-532.714,-536.315
0.791,3.999,0.0,976.196,-90.087,-202.026
-0.246,2.411,-0.11,-53.039,-1641.235,-12.573
0.535,0.821,0.148,57.983,780.517,125.915
0.063,0.474,0.18,-53.039,-201.416,187.194
0.038,0.391,0.111,-81.359,-97.778,-45.043
0.034,0.39,0.195,112.487,95.947,-81.176
0.959,0.091,-0.249,2.502,29.785,0.488
0.968,0.089,-0.228,0.305,8.85,0.427
0.964,0.093,-0.219,-0.61,1.464,0.061
0.961,0.097,-0.197,-0.305,-6.164,0.305
0.966,0.096,-0.213,0.244,9.826,-0.061
0.967,0.091,-0.199,0.427,1.77,0.183
0.961,0.091,-0.207,0.488,8.972,-0.122
0.969,0.093,-0.191,0.488,3.723,-0.061
0.967,0.089,-0.191,0.244,1.037,-0.122
0.965,0.091,-0.182,0.671,5.981,-0.122
0.974,0.092,-0.188,0.427,1.342,-0.122
0.975,0.094,-0.169,1.098,5.798,-0.183
0.975,0.096,-0.175,-0.122,-1.831,-0.122
0.972,0.091,-0.171,0.732,4.272,-0.122
0.973,0.089,-0.172,-0.244,-8.117,0.244
0.974,0.096,-0.175,0.61,0.122,0.0
0.971,0.089,-0.18,-0.061,7.263,-0.061
0.978,0.094,-0.159,2.197,29.846,0.0
0.975,0.085,-0.161,-1.586,-8.239,-0.061
0.974,0.093,-0.143,2.014,17.333,-0.183
0.977,0.081,-0.132,0.183,0.366,-0.244
0.986,0.085,-0.127,0.488,-0.122,-0.244
0.983,0.088,-0.137,0.427,0.183,-0.183
0.974,0.084,-0.127,0.305,0.305,-0.244
0.981,0.085,-0.132,0.366,-0.183,-0.305
0.977,0.092,-0.132,0.427,-0.366,-0.122
0.98,0.086,-0.135,0.488,-0.427,-0.183
0.976,0.083,-0.128,0.366,0.244,-0.244
0.977,0.086,-0.128,0.366,0.061,-0.183
0.979,0.085,-0.129,0.427,-0.305,-0.122
0.976,0.087,-0.129,0.488,-0.061,-0.122
0.984,0.084,-0.131,0.305,-0.244,-0.183
0.974,0.087,-0.136,0.427,0.244,-0.183
0.981,0.087,-0.136,0.305,0.061,-0.183
0.973,0.087,-0.132,0.488,-0.061,-0.305
0.978,0.087,-0.13,0.549,-0.854,0.0
0.971,0.093,-0.133,0.549,-0.366,-0.244
0.983,0.089,-0.133,0.305,-0.793,-0.122
0.977,0.087,-0.139,0.305,-0.488,-0.122
0.983,0.09,-0.133,0.488,0.183,-0.122
0.876,0.109,-0.493,0.549,36.254,-1.22
0.881,0.114,-0.444,-1.892,-2.624,-1.098
0.874,0.116,-0.413,-3.173,7.934,-2.197
0.909,0.093,-0.454,11.535,26.123,0.244
0.885,0.112,-0.5,3.112,57.312,-0.793
0.719,0.087,-0.46,66.04,205.322,-23.376
0.794,0.04,-0.342,10.62,-51.086,1.647
0.895,0.072,-0.431,-23.803,-285.278,6.958
1.05,0.14,-0.245,24.475,-231.75,-0.427
0.885,0.108,-0.359,-5.554,-51.513,0.793
0.897,0.093,-0.371,1.098,-17.395,2.563
0.855,0.105,-0.393,11.84,128.845,3.906
0.904,0.09,-0.331,7.751,4.455,7.995
0.91,0.091,-0.293,1.159,26.367,4.638
0.745,0.076,-0.399,-13.183,46.691,0.488
0.983,0.115,-0.297,-22.583,29.296,6.713
0.99,0.109,-0.272,-8.3,16.784,-8.361
1.042,0.053,-0.052,64.453,-25.512,-0.61
0.904,0.078,-0.27,32.897,-54.504,12.023
0.93,-0.004,-0.243,-16.052,-125.305,2.258
0.349,0.934,0.065,6.591,1.647,-0.793
0.343,0.9,0.077,3.479,7.995,4.699
0.328,0.901,0.03,6.408,11.779,8.117
0.359,0.922,0.063,7.873,15.686,4.211
0.399,0.9,0.107,-4.211,-6.103,-9.46
0.375,0.926,0.106,-6.958,-5.493,-3.479
0.362,0.918,0.09,-3.417,-0.915,2.075
0.356,0.915,0.084,-2.99,-4.821,-1.403
0.35,0.927,0.067,-0.793,-4.028,-1.098
0.359,0.924,0.068,-3.173,-5.432,3.479
0.368,0.928,0.07,0.183,-11.962,2.075
0.419,0.892,0.048,8.056,1.525,-0.61
0.362,0.906,0.046,9.887,0.488,0.305
0.396,0.916,0.003,31.188,2.319,7.08
0.352,0.923,0.012,14.587,1.098,-1.281
0.368,0.919,0.023,4.272,-1.464,-1.647
0.366,0.913,0.016,5.31,-3.54,-2.929
0.375,0.918,0.005,6.713,-0.305,-0.122
0.372,0.914,0.037,3.723,-4.882,0.366
0.362,0.912,0.002,5.92,-1.037,4.943
0.387,0.9,-0.036,-10.131,-2.868,1.037
0.404,0.89,-0.022,-7.934,-2.197,1.708
0.398,0.9,-0.018,-7.141,-5.187,-3.479
0.417,0.895,-0.013,-11.474,-7.08,-0.061
0.412,0.885,0.027,-13.916,23.62,7.751
0.408,0.911,0.021,-1.77,17.395,-0.061
0.403,0.89,0.026,4.882,20.08,-2.197
0.406,0.886,0.034,13.244,30.456,3.112
0.43,0.896,0.033,4.272,11.901,3.845
0.414,0.924,0.002,6.042,17.944,-3.051
0.426,0.9,0.032,5.065,9.521,2.807
0.416,0.89,0.02,1.159,8.728,-0.671
0.419,0.9,0.016,1.647,9.277,-2.929
0.454,0.901,0.029,-5.493,-1.281,0.549
0.403,0.884,0.044,-1.281,1.342,0.549
0.41,0.876,0.034,-0.854,6.896,1.037
0.41,0.891,0.049,1.464,2.014,1.098
0.423,0.888,0.041,0.061,7.446,1.342
0.42,0.884,0.041,-1.708,-5.371,1.098
0.436,0.902,0.065,-2.807,-19.042,2.136
0.392,0.904,0.043,0.305,-0.122,-0.427
0.395,0.908,0.061,-0.305,0.854,0.793
0.388,0.909,0.055,0.732,1.403,-0.549
0.402,0.905,0.053,0.305,0.183,-0.427
0.394,0.907,0.049,3.234,-0.976,0.305
0.396,0.906,0.049,1.22,-0.549,-0.183
0.395,0.907,0.046,-0.61,-0.61,-0.366
0.401,0.906,0.041,0.793,0.0,-0.854
0.386,0.894,0.038,1.281,1.22,0.122
0.387,0.906,0.051,-0.244,1.281,0.0
0.39,0.902,0.044,0.427,-0.427,0.061
0.394,0.904,0.043,-0.305,-0.549,0.793
0.392,0.907,0.046,0.671,-0.366,1.037
0.395,0.91,0.042,0.366,0.0,0.549
0.396,0.898,0.04,0.366,-0.305,0.488
0.396,0.898,0.032,0.427,-0.366,0.915
0.393,0.902,0.046,-0.061,-0.244,0.61
0.401,0.909,0.037,-0.061,1.403,-0.488
0.392,0.899,0.048,0.244,0.732,-1.281
0.406,0.907,0.045,0.854,0.61,0.915
0.402,0.897,0.036,0.488,-0.366,0.183
0.4,0.902,0.036,1.098,0.061,-0.122
0.397,0.898,0.035,0.488,-0.427,0.183
0.402,0.902,0.04,-0.061,0.549,0.366
0.397,0.906,0.05,-0.183,0.61,0.183
0.4,0.907,0.049,0.244,0.732,0.183
0.402,0.9,0.046,0.61,0.244,-0.244
0.403,0.902,0.037,0.915,0.488,0.183
0.404,0.901,0.041,-0.427,-0.122,0.061
0.401,0.9,0.038,1.22,0.671,0.061
0.401,0.893,0.033,0.854,-0.793,-0.732
0.403,0.903,0.038,0.549,0.549,0.061
0.406,0.903,0.039,0.488,0.366,-0.488
0.409,0.901,0.039,0.671,0.366,0.061
0.412,0.898,0.042,-0.183,1.464,0.122
0.397,0.908,0.038,0.305,0.671,-0.854
0.401,0.905,0.039,0.61,-0.061,-0.488
0.406,0.899,0.044,0.366,-0.244,-0.549
0.411,0.902,0.037,1.037,0.366,-0.183
0.401,0.901,0.047,-0.671,-0.122,-0.244
0.411,0.895,0.031,0.793,0.366,0.183
0.412,0.893,0.031,0.732,0.244,-0.122
0.416,0.899,0.027,4.333,-21.057,5.371
0.411,0.898,0.039,0.305,0.427,-0.427
0.412,0.898,0.027,-0.183,1.708,-0.366
0.419,0.894,0.036,-0.061,-0.061,0.427
0.421,0.895,0.023,0.976,-0.61,-0.671
0.427,0.893,0.026,0.671,-1.892,-0.671
0.417,0.886,0.017,0.122,-1.037,-2.197
0.418,0.894,0.01,1.342,0.122,-0.183
0.408,0.891,0.025,-0.061,-0.732,-0.305
0.42,0.897,0.018,0.854,-0.244,-0.183
0.422,0.885,0.02,0.366,-0.183,-1.708
0.418,0.895,0.048,0.61,-0.61,-0.854
0.42,0.885,0.025,-1.098,1.098,0.488
0.421,0.9,0.019,2.197,0.915,-1.098
0.406,0.9,0.026,0.122,4.821,-0.366
0.414,0.894,0.015,2.014,-1.525,0.122
0.413,0.895,0.005,1.159,-0.549,0.549
0.41,0.902,0.022,0.61,0.732,-0.366
-0.436,0.745,0.476,-1.77,2.807,0.0
-0.434,0.743,0.481,0.183,1.342,-2.441
-0.437,0.735,0.476,0.061,0.488,-1.037
-0.441,0.738,0.478,0.122,-0.122,1.831
-0.436,0.734,0.466,-1.525,-12.878,17.089
-0.431,0.768,0.489,-2.075,-5.493,5.981
-0.41,0.751,0.499,0.732,-2.136,2.624
-0.404,0.755,0.492,0.061,1.342,1.098
-0.404,0.751,0.491,1.098,0.671,0.061
-0.406,0.753,0.484,2.502,-2.319,-0.427
-0.399,0.77,0.487,2.136,-0.61,-5.554
-0.398,0.761,0.494,4.272,0.976,-11.718
-0.417,0.748,0.463,7.324,-3.662,-6.53
-0.422,0.757,0.492,6.408,0.854,-10.009
-0.436,0.736,0.469,4.089,1.037,-6.896
-0.446,0.746,0.468,3.356,3.234,-7.446
-0.444,0.745,0.458,2.868,2.075,-7.69
-0.452,0.745,0.481,-0.427,-1.464,-15.136
-0.472,0.725,0.461,0.671,5.126,-11.108
-0.485,0.718,0.457,1.403,-2.014,0.244
-0.457,0.741,0.467,0.183,0.0,-0.244
-0.456,0.747,0.461,0.549,0.732,-0.122
-0.461,0.735,0.469,0.793,0.915,-0.244
-0.454,0.746,0.458,-0.061,0.305,-0.244
-0.457,0.734,0.469,0.305,0.732,0.305
-0.477,0.721,0.469,0.061,0.488,-0.305
-0.438,0.734,0.463,0.122,-0.122,-0.305
-0.45,0.728,0.469,-0.061,0.61,-0.122
-0.489,0.727,0.454,0.854,-1.342,1.159
-0.493,0.731,0.452,1.342,-1.525,1.037
-0.488,0.725,0.447,1.098,-1.281,1.281
-0.486,0.735,0.45,0.793,1.708,-0.427
-0.486,0.739,0.448,0.915,0.427,-0.366
-0.492,0.725,0.45,1.586,0.0,-1.098
-0.48,0.727,0.45,0.366,0.671,-0.488
-0.49,0.728,0.452,0.305,-0.183,-0.244
-0.487,0.727,0.449,0.793,0.732,-0.793
-0.487,0.729,0.445,0.305,0.305,-0.732
-0.49,0.729,0.455,0.122,0.244,0.793
-0.485,0.732,0.448,-0.305,1.77,-0.122
-0.49,0.726,0.453,0.305,0.732,0.122
-0.49,0.736,0.44,0.671,0.183,-0.427
-0.491,0.727,0.441,0.366,0.061,-0.183
-0.488,0.724,0.45,0.366,0.244,0.061
-0.49,0.731,0.449,0.183,0.549,-0.061
-0.489,0.729,0.447,0.366,0.549,-0.671
-0.495,0.724,0.44,1.342,-0.183,-3.601
-0.502,0.73,0.45,3.54,0.854,-2.136
-0.497,0.719,0.448,0.671,-0.122,0.732
-0.485,0.734,0.447,0.549,0.732,-0.305
-0.491,0.722,0.448,0.427,0.427,-0.183
-0.488,0.728,0.446,0.671,0.366,-0.549
-0.498,0.725,0.448,0.793,0.671,-0.366
-0.498,0.726,0.448,0.366,-0.061,0.061
-0.496,0.725,0.45,0.61,0.183,0.0
-0.49,0.731,0.444,-0.427,0.244,0.0
-0.49,0.724,0.455,-0.183,0.0,0.122
-0.493,0.725,0.444,0.488,-1.159,0.427
-0.492,0.725,0.448,0.976,-0.793,-0.488
-0.487,0.725,0.456,0.183,0.061,-0.366
-0.489,0.724,0.45,0.549,0.061,-0.183
-0.495,0.724,0.45,0.061,0.854,-0.244
-0.488,0.725,0.45,0.732,0.61,-0.061
-0.495,0.729,0.438,0.793,-0.305,-0.183
-0.489,0.728,0.45,0.305,0.061,-0.427
-0.492,0.724,0.452,0.61,0.122,-0.793
-0.489,0.733,0.449,0.793,1.342,-2.563
-0.489,0.725,0.445,0.061,-0.671,-0.549
0.411,0.826,0.085,24.108,16.967,-12.084
0.362,0.848,0.053,52.246,3.723,-18.798
0.355,0.833,0.033,47.668,72.143,-15.747
0.351,0.858,0.066,48.461,65.917,-23.376
0.308,0.898,-0.11,62.194,21.911,-48.156
0.384,0.89,-0.15,2.136,76.782,21.667
0.306,1.112,-0.067,20.935,17.456,-12.207
0.295,0.99,-0.096,52.551,-85.51,-31.616
0.268,0.946,-0.043,70.434,-33.264,-21.179
0.255,0.945,-0.236,86.059,-35.705,54.992
0.224,0.929,-0.39,22.46,14.465,51.269
0.39,0.891,-0.287,-37.78,160.156,5.676
0.365,0.908,-0.254,-7.019,-129.211,43.579
0.443,0.941,-0.16,-65.673,-49.682,48.828
0.467,0.895,-0.125,22.399,86.791,6.591
0.456,0.949,-0.411,-52.673,-167.785,-14.465
0.485,0.953,-0.277,-167.358,-183.898,-42.175
0.409,1.194,0.342,-567.26,295.043,134.887
-0.749,0.489,0.298,102.6,32.653,-47.363
0.857,0.829,0.181,77.453,-187.072,-23.864
0.205,0.941,0.145,0.61,-2.136,-0.854
0.213,0.974,0.132,3.601,-2.075,0.793
0.212,0.961,0.16,-0.366,-1.647,-1.281
0.194,0.958,0.164,1.037,0.549,0.183
0.191,0.942,0.146,1.159,-2.136,-1.708
0.196,0.959,0.144,2.685,0.061,0.854
0.202,0.936,0.151,0.061,1.159,-0.61
0.197,0.963,0.15,0.793,-0.793,-1.464
0.209,0.954,0.14,0.122,-2.99,-3.234
0.029,1.183,0.176,59.875,405.944,364.929
0.083,0.36,-0.359,336.73,317.26,351.257
0.185,0.704,0.046,501.464,1614.379,358.459
0.365,1.992,0.337,446.166,-662.78,-32.714
0.35,1.578,0.185,-274.719,-153.442,-249.45
0.481,-0.014,-0.083,59.631,94.543,-200.744
0.494,0.991,0.142,208.19,207.519,-65.429
0.614,1.438,0.191,38.085,40.832,109.313
0.499,0.788,0.099,-33.203,-104.064,216.186
0.357,0.481,-0.01,181.152,338.317,447.265
0.197,0.367,0.042,413.513,604.248,282.775
-0.013,1.0,0.059,-3.601,-1.586,-4.028
-0.014,0.989,0.064,-1.892,-2.075,-5.615
-0.021,0.974,0.094,-2.685,-2.258,-1.037
-0.032,1.006,0.088,-3.295,-4.76,-2.136
-0.025,0.996,0.086,-4.76,-2.319,-2.258
-0.025,0.986,0.098,-2.807,-2.929,0.976
-0.026,0.982,0.106,-9.826,-15.197,0.793
-0.014,0.984,0.104,-11.535,-33.874,-4.15
-0.327,-0.076,-0.129,291.503,-954.162,-283.386
0.162,0.51,0.228,-517.456,-131.408,164.428
0.0,0.524,0.229,87.036,-227.905,0.366
0.343,1.432,0.383,-41.748,201.416,328.491
0.348,1.941,0.357,-9.582,547.607,377.746
-0.009,1.296,0.312,-330.749,-376.159,-127.929
0.242,1.211,0.231,-299.804,-359.924,-84.228
0.136,0.975,0.233,-77.819,-173.522,-131.713
0.116,-2.715,0.102,96.557,-181.579,-261.535
0.561,1.583,0.239,-70.678,761.108,191.223
0.228,1.554,0.36,372.436,-424.194,-198.669
0.22,-2.229,0.261,419.494,396.118,-87.951
-0.561,0.902,0.129,7.141,-11.535,18.92
-0.364,0.653,0.351,-19.836,3.295,3.54
-0.387,0.876,0.227,-31.616,-42.968,-40.832
-0.52,0.895,0.161,4.882,-25.451,12.023
-0.424,0.872,0.25,6.591,-32.775,6.713
-0.408,0.909,0.207,3.479,-18.615,19.592
-0.27,1.02,0.277,-21.606,-1.22,1.586
-0.254,0.882,0.232,-18.127,20.69,12.145
-0.412,0.837,0.099,-11.718,17.395,-3.051
-0.299,1.02,0.252,-42.236,-30.822,36.926
-0.409,0.932,0.319,8.3,27.16,40.283
-0.34,0.865,0.265,7.08,-9.704,34.118
-0.188,0.783,0.176,75.866,-17.272,87.524
0.117,0.271,-0.622,578.735,-827.27,-184.692
0.097,0.749,0.275,-285.4,-1018.31,26.123
0.394,1.602,0.255,571.777,595.336,455.017
0.428,1.812,0.101,-352.233,680.541,744.628
0.165,1.127,0.09,586.914,816.284,255.737
-0.421,1.149,0.252,60.729,-1522.521,-306.579
0.471,1.462,0.119,35.4,-261.657,-39.855
0.1,1.221,0.418,214.294,165.405,-53.161
-0.093,0.86,0.26,-321.167,93.322,-28.869
0.004,2.048,-0.159,-539.367,-181.701,41.564
-0.004,1.499,-0.529,-141.418,81.176,85.632
-0.037,1.803,-0.28,402.587,293.945,134.155
-0.486,1.718,0.135,281.127,-226.867,-45.166
0.308,0.612,0.148,-23.437,-190.795,4.394
-0.16,0.55,-0.167,-140.38,-36.193,-44.677
-0.056,0.454,0.062,-200.378,74.279,-58.898
-0.348,0.595,-0.441,37.963,-162.231,-94.543
0.261,0.97,-0.207,157.897,3.54,48.828
-0.203,0.955,0.059,-24.719,87.951,88.745
-0.221,0.934,-0.405,-187.438,-50.354,6.469
0.025,1.01,-0.603,155.761,-48.095,45.471
0.274,0.811,-0.034,167.968,4.821,1.953
0.144,1.067,-0.063,-182.373,123.535,16.296
0.139,1.064,-0.322,-136.962,60.852,-25.573
0.098,1.074,-0.138,35.278,117.797,22.033
-0.199,0.392,0.162,-111.694,38.452,-224.792
0.097,0.778,0.488,-10.62,181.518,-63.232
-0.156,0.482,0.085,-106.14,14.221,-48.278
-0.028,0.628,-0.003,-16.052,-175.292,-85.021
0.33,1.374,0.082,118.408,68.969,39.794
-0.004,1.03,0.24,84.533,5.737,-2.014
-0.15,0.934,0.228,-26.245,59.082,-50.17
0.25,0.859,0.181,-71.777,-35.095,16.113
0.074,0.884,0.118,-131.164,90.148,23.193
0.191,1.566,0.153,-6.835,182.495,64.514
-0.218,1.299,0.13,5.004,-279.174,-50.903
0.021,1.021,0.155,123.046,-78.063,-22.094
0.189,0.983,0.327,65.856,-65.673,36.926
-0.217,1.114,0.434,-14.77,248.352,-12.817
0.422,1.643,-0.056,-257.324,-223.388,87.158
0.274,1.529,-0.031,458.618,-123.352,29.663
0.344,0.991,0.479,130.981,-200.5,-1.342
0.179,0.737,-0.42,-65.246,-256.896,-62.255
0.07,0.523,-0.469,164.672,-41.625,-27.954
0.098,0.626,0.095,27.648,15.075,-30.029
-0.031,0.585,-0.126,-263.122,0.0,-18.981
-0.032,0.834,-0.575,-76.477,52.673,18.31
-0.007,0.761,0.091,-57.617,-13.061,23.498
0.148,0.723,0.044,-38.635,49.865,-10.192
0.146,1.118,0.023,-78.796,124.755,-22.521
0.108,1.176,0.368,-18.127,-11.962,7.568
-0.059,1.089,0.272,-73.12,-254.577,5.554
-0.027,0.888,0.166,-27.099,50.354,13.916
0.108,0.967,0.366,-37.048,8.666,9.46
0.151,0.943,0.536,-27.404,3.967,2.197
0.142,0.906,0.44,6.347,58.166,19.104
0.174,0.806,0.335,-7.324,90.026,20.385
0.179,0.778,0.198,-17.883,99.609,29.785
0.157,0.78,0.253,-10.192,129.028,45.349
-0.128,0.953,0.483,-45.837,46.752,34.423
-0.359,1.068,0.197,1.708,219.238,-8.422
-0.099,0.853,0.379,-33.874,151.184,-22.827
-0.151,0.696,0.421,-56.762,110.778,-64.208
-0.137,0.663,0.586,-86.975,25.573,-50.17
-0.43,0.7,0.791,-73.486,-43.273,-9.216
-0.16,0.688,0.403,130.187,-233.337,9.582
-0.294,0.84,0.921,-173.095,-231.201,81.726
-0.779,0.26,-0.542,0.488,-0.061,-0.183
-0.779,0.261,-0.545,0.427,0.244,-0.244
-0.781,0.257,-0.549,0.488,0.061,-0.244
-0.785,0.256,-0.549,0.366,0.244,-0.305
-0.781,0.255,-0.547,0.488,0.244,-0.427
-0.786,0.257,-0.543,0.427,0.183,-0.305
-0.778,0.262,-0.545,0.305,0.061,-0.183
-0.776,0.258,-0.548,0.427,-0.061,-0.061
-0.783,0.257,-0.545,0.549,0.244,-0.305
-0.779,0.259,-0.542,0.488,0.183,-0.366
-0.783,0.258,-0.546,0.366,-0.061,-0.244
-0.784,0.255,-0.541,0.793,0.061,-0.305
-0.786,0.258,-0.549,0.427,0.183,0.061
-0.783,0.255,-0.546,0.366,0.366,-0.244
-0.783,0.256,-0.547,0.427,-0.061,-0.122
-0.781,0.257,-0.543,0.366,0.183,-0.183
-0.781,0.257,-0.551,0.305,-0.244,0.061
-0.789,0.256,-0.545,0.427,0.122,-0.122
-0.781,0.257,-0.546,0.427,0.427,-0.061
-0.791,0.257,-0.544,0.427,0.183,-0.244
-0.773,0.259,-0.554,0.305,0.0,-0.061
-0.774,0.257,-0.552,0.488,0.0,-0.244
-0.77,0.259,-0.548,0.427,0.0,-0.244
-0.775,0.255,-0.551,0.427,0.244,-0.183
-0.784,0.255,-0.552,0.427,0.0,-0.427
-0.779,0.253,-0.551,0.549,0.061,-0.183
-0.783,0.256,-0.547,0.549,0.183,-0.244
-0.776,0.25,-0.552,0.549,0.061,-0.366
-0.773,0.254,-0.552,0.427,0.061,0.0
-0.771,0.254,-0.552,0.427,0.122,-0.366
-0.771,0.255,-0.555,0.488,0.305,-0.244
-0.77,0.262,-0.555,0.366,0.0,-0.061
-0.779,0.256,-0.549,0.488,0.061,-0.305
-0.772,0.258,-0.547,0.427,0.061,-0.122
-0.775,0.257,-0.556,0.427,0.183,-0.305
-0.776,0.258,-0.546,0.488,0.061,-0.183
-0.78,0.256,-0.554,0.366,0.305,-0.244
-0.781,0.255,-0.556,0.427,0.061,-0.244
-0.779,0.258,-0.547,0.427,0.183,-0.183
-0.776,0.258,-0.553,0.427,-0.061,-0.244
-0.776,0.258,-0.557,0.671,0.183,-0.244
-0.774,0.251,-0.554,0.427,0.183,-0.122
-0.773,0.258,-0.551,0.366,0.122,-0.061
-0.78,0.257,-0.556,0.549,0.122,-0.061
-0.773,0.261,-0.562,0.61,0.366,-0.183
-0.775,0.259,-0.556,0.488,0.061,-0.122
-0.775,0.261,-0.558,0.549,0.0,-0.244
-0.777,0.252,-0.557,0.488,0.488,-0.244
-0.777,0.254,-0.556,0.427,-0.122,-0.122
-0.769,0.261,-0.554,0.488,-0.061,-0.244
-0.78,0.255,-0.555,0.244,0.122,-0.366
-0.776,0.257,-0.558,0.366,0.183,-0.305
-0.777,0.254,-0.554,0.488,0.061,-0.183
-0.77,0.256,-0.555,0.549,0.183,-0.244
-0.775,0.254,-0.554,0.427,0.0,-0.122
-0.781,0.255,-0.556,0.427,0.305,-0.305
-0.782,0.255,-0.555,0.427,0.183,-0.244
-0.767,0.258,-0.555,0.305,0.549,-0.122
-0.775,0.256,-0.555,0.305,0.061,-0.183
-0.778,0.259,-0.555,0.549,0.122,-0.183
-0.774,0.254,-0.562,0.61,0.183,-0.305
-0.771,0.246,-0.564,0.61,0.122,-0.305
-0.778,0.254,-0.557,0.427,0.244,-0.122
-0.779,0.248,-0.562,0.427,0.183,-0.183
-0.775,0.25,-0.563,0.427,0.061,-0.183
-0.767,0.252,-0.562,0.427,0.122,-0.244
-0.775,0.251,-0.567,0.366,0.0,-0.244
-0.77,0.25,-0.561,0.488,0.183,-0.183
-0.771,0.246,-0.568,0.488,0.061,-0.122
-0.772,0.251,-0.565,0.549,0.061,-0.305
-0.765,0.247,-0.565,0.488,0.0,-0.122
-0.773,0.249,-0.56,0.671,0.122,-0.366
-0.771,0.25,-0.563,0.549,-0.061,-0.305
-0.775,0.253,-0.562,0.549,0.061,-0.122
-0.777,0.258,-0.56,0.488,-0.305,0.0
-0.776,0.251,-0.568,0.732,0.305,-0.732
-0.772,0.253,-0.564,1.403,0.61,-1.037
-0.774,0.251,-0.59,7.141,-35.4,5.249
-0.842,0.247,-0.62,10.009,-7.202,3.417
-0.77,0.246,-0.519,36.071,54.138,18.859
-0.107,0.478,2.89,-180.236,-251.281,19.958
-1.685,0.838,0.422,-18.432,-133.667,93.2
-1.096,0.483,0.495,48.583,-86.914,77.819
-0.621,0.339,0.47,68.542,-140.258,77.636
-0.512,0.526,0.331,75.256,-79.223,44.25
-0.38,0.573,0.392,50.292,-59.875,4.394
-0.455,0.652,0.56,-51.452,-119.506,-15.38
-0.542,1.003,0.667,28.198,-25.39,106.384
-0.194,1.117,0.83,150.024,-49.194,225.036
-0.516,0.823,0.57,143.188,-209.106,197.937
-0.072,-1.869,-1.744,-4.455,191.345,-426.269
-0.382,-2.151,0.904,-648.803,303.283,-1019.897
-4.0,3.679,1.594,58.166,-17.517,177.49
-1.754,0.636,1.454,319.396,-28.93,706.787
-0.51,-2.236,0.009,429.992,-89.294,-3.601
1.499,-2.622,3.598,-299.072,474.06,-22.766
-1.66,1.107,0.127,300.292,362.06,243.896
-1.43,3.999,-0.502,299.316,238.891,358.703
-0.344,-0.031,0.153,728.088,-537.902,-217.041
0.616,-1.964,2.729,87.89,-278.076,81.054
-0.38,0.629,-0.678,2.929,0.061,-0.915
-0.386,0.614,-0.654,0.732,-0.122,2.319
-0.403,0.614,-0.658,1.77,-2.868,-0.854
-0.393,0.616,-0.652,-2.685,-3.173,-2.38
-0.372,0.629,-0.685,-1.22,2.136,-3.295
-0.364,0.619,-0.66,4.15,4.699,1.342
-0.395,0.613,-0.655,-2.38,0.976,1.037
-0.386,0.615,-0.657,2.136,-1.77,-0.183
-0.381,0.622,-0.666,-2.075,-0.488,-0.793
-0.392,0.623,-0.655,3.112,0.915,1.159
-0.397,0.63,-0.658,-3.051,-0.793,-0.732
-0.384,0.624,-0.657,3.723,1.831,-0.915
-0.376,0.624,-0.664,-3.967,2.014,0.549
-0.388,0.621,-0.669,2.014,1.77,0.0
-0.396,0.623,-0.667,2.563,0.061,-0.244
-0.379,0.618,-0.648,-2.258,-1.708,-0.183
-0.394,0.621,-0.685,4.211,2.441,0.671
-0.399,0.627,-0.638,-4.394,-0.671,0.305
-0.381,0.623,-0.671,4.455,-1.342,-0.976
-0.389,0.628,-0.641,-5.126,-0.427,-1.708
-0.372,0.629,-0.64,-2.38,-1.159,-1.892
-0.362,0.632,-0.678,3.173,-0.854,-0.366
-0.394,0.623,-0.64,-0.732,-0.976,-0.427
-0.389,0.627,-0.664,2.258,0.549,-1.892
-0.368,0.63,-0.65,-3.662,-0.671,-1.22
-0.373,0.626,-0.672,5.371,0.915,0.061
-0.395,0.634,-0.653,-3.417,-1.22,-2.197
-0.37,0.626,-0.664,4.394,0.427,-1.77
-0.363,0.618,-0.65,-2.868,0.427,0.0
-0.381,0.625,-0.66,3.54,2.075,0.976
-0.385,0.617,-0.659,-3.54,-0.122,0.854
-0.385,0.633,-0.674,1.77,-1.342,-1.708
-0.357,0.622,-0.652,2.624,-0.244,0.061
-0.396,0.626,-0.643,0.427,1.586,-2.502
-0.374,0.619,-0.658,-0.732,1.342,0.244
-0.378,0.637,-0.674,0.0,1.403,1.831
-0.38,0.623,-0.645,4.699,3.295,1.708
-0.405,0.628,-0.657,-3.784,1.831,-1.037
-0.371,0.634,-0.662,2.807,0.183,-0.244
-0.393,0.635,-0.675,-1.953,-1.525,-1.831
-0.378,0.621,-0.653,4.821,1.892,1.831
-0.407,0.629,-0.642,-3.662,-0.122,1.892
-0.407,0.62,-0.646,2.502,0.366,0.061
-0.378,0.629,-0.659,-0.976,-0.244,1.647
-0.408,0.635,-0.64,-2.502,-2.197,-0.976
-0.378,0.641,-0.664,5.187,0.427,-0.915
-0.394,0.623,-0.634,-1.098,0.061,0.0
-0.391,0.632,-0.671,2.624,0.976,1.098
-0.395,0.631,-0.645,-0.854,-1.159,-1.037
-0.383,0.625,-0.651,1.098,1.525,-1.464
-0.372,0.617,-0.648,-6.469,1.708,0.976
-0.397,0.652,-0.693,3.051,2.502,1.708
-0.401,0.624,-0.633,3.356,-0.915,0.305
-0.374,0.58,-0.621,-2.685,1.892,6.103
-0.42,0.667,-0.732,-31.249,-14.221,11.169
-0.373,1.991,-1.248,-164.611,-17.333,-110.107
-0.212,0.648,-1.141,879.15,-75.805,-9.338
-0.523,3.656,2.41,1412.658,70.068,-106.994
-0.247,-1.138,2.261,-1868.102,364.685,-400.085
-0.002,3.999,-4.0,-1613.83,1015.197,-308.044
-0.637,0.163,-0.734,2.319,1.647,-1.159
-0.647,0.163,-0.708,1.159,2.319,0.732
-0.671,0.161,-0.718,0.488,1.831,-1.037
-0.652,0.148,-0.705,1.159,1.953,-1.525
-0.638,0.17,-0.735,-6.347,3.295,4.455
-0.695,0.159,-0.733,6.042,-4.821,-1.037
-0.651,0.163,-0.704,-1.77,2.563,2.685
-0.686,0.167,-0.738,2.685,-4.394,1.647
-0.668,0.173,-0.703,-1.77,-1.342,-4.882
-0.638,0.153,-0.727,2.624,1.892,-1.281
-0.636,0.172,-0.719,-4.821,2.38,0.488
-0.66,0.171,-0.741,1.831,-0.976,0.061
-0.632,0.176,-0.712,0.976,2.685,-0.549
-0.655,0.161,-0.709,-0.244,-0.183,-0.183
-0.64,0.165,-0.712,-3.601,-1.525,6.347
-0.654,0.175,-0.722,-6.652,-5.432,-1.708
-0.656,0.186,-0.725,1.037,2.136,-0.488
-0.654,0.181,-0.712,-0.427,1.037,-0.061
-0.65,0.183,-0.721,0.183,-2.136,-1.403
-0.64,0.17,-0.696,3.54,-3.723,-1.22
0.107,0.342,-1.021,-18.676,-27.893,-192.443
-0.012,0.002,-0.677,67.077,-464.294,180.969
-1.494,0.246,-1.16,-147.766,-116.394,69.213
-0.652,0.069,-0.624,7.751,-88.378,87.097
-0.9,0.18,-0.393,-175.72,-52.551,4.15
-1.354,0.533,-1.718,-114.624,231.506,-39.611
-1.052,1.29,-1.286,256.042,215.637,22.827
-0.5,0.919,-0.804,460.937,96.374,35.766
0.09,0.331,-0.088,442.077,13.488,79.467
0.571,0.022,0.337,145.385,94.116,175.353
0.316,-0.235,0.206,162.963,422.912,434.753
-1.963,-0.427,-0.436,-645.324,302.307,-51.757
-0.371,1.235,-2.462,-495.971,63.415,-188.659
-0.216,1.129,-2.566,260.07,-58.227,-72.448
-0.139,0.975,-1.215,650.573,505.065,1.281
-1.021,1.093,0.097,720.336,149.658,-461.425
2.338,0.442,1.535,-408.02,-658.142,168.029
0.684,-0.104,-0.465,12.145,-21.606,413.146
-0.932,-0.144,0.42,-313.903,-148.925,361.206
-1.411,3.999,-3.132,-1442.199,6.774,573.913
-0.032,0.061,-0.992,1.159,-2.441,-0.488
-0.033,0.054,-0.985,1.098,-1.037,-2.258
-0.038,0.064,-0.988,-0.732,1.647,0.671
-0.024,0.061,-0.978,0.427,-1.403,-0.671
-0.026,0.051,-0.974,0.793,-2.563,-8.789
-0.047,0.066,-0.981,0.0,-0.793,-0.122
-0.026,0.053,-0.982,1.22,-4.089,1.098
-0.027,0.054,-0.985,-0.122,1.098,8.117
-0.053,0.058,-0.992,0.549,4.638,13.427
-0.065,0.069,-0.984,-0.671,2.319,0.122
-0.016,0.042,-0.975,-1.037,-1.281,0.427
-0.015,0.053,-0.973,-0.183,-1.464,-0.122
-0.022,0.049,-0.98,-0.061,-0.549,-0.244
-0.031,0.053,-0.985,0.549,-0.183,-0.305
-0.033,0.146,-0.968,-0.488,-2.319,-18.554
-0.035,0.061,-0.987,2.685,-0.366,-8.605
-0.072,0.068,-0.992,2.868,3.906,2.014
-0.063,0.064,-0.982,0.793,0.244,3.723
-0.071,0.05,-0.986,0.915,3.723,1.708
-0.05,0.058,-0.988,0.305,2.014,-0.061
0.128,0.085,-0.973,0.427,0.915,-0.183
0.127,0.078,-0.976,0.488,-0.854,-0.305
0.13,0.084,-0.979,0.366,-1.159,-0.183
0.133,0.079,-0.976,0.244,-0.488,-0.122
0.133,0.081,-0.973,0.366,0.427,-0.122
0.129,0.082,-0.977,0.305,-0.366,-0.305
0.131,0.083,-0.975,0.366,0.061,-0.183
0.132,0.083,-0.983,0.366,0.671,-0.183
0.128,0.084,-0.971,0.427,-0.244,-0.183
0.133,0.085,-0.975,0.244,-1.403,-0.244
0.141,0.081,-0.972,0.427,-0.427,-0.061
0.128,0.076,-0.971,0.366,0.427,-0.122
0.131,0.086,-0.977,0.366,0.183,-0.122
0.135,0.084,-0.975,0.549,-0.305,-0.183
0.131,0.081,-0.976,0.549,-0.61,-0.183
0.126,0.081,-0.977,0.366,-0.122,-0.183
0.131,0.084,-0.976,0.366,-1.159,-0.183
0.129,0.082,-0.975,0.122,-0.427,-0.183
0.131,0.08,-0.975,0.427,-0.427,-0.183
0.135,0.084,-0.978,0.61,-0.244,-0.061
0.136,0.082,-0.971,0.305,-0.244,-0.122
0.131,0.087,-0.977,0.488,-0.061,-0.183
0.13,0.079,-0.976,0.366,-0.183,-0.244
0.131,0.081,-0.982,0.366,-0.488,-0.061
0.135,0.082,-0.971,0.244,0.366,-0.122
0.131,0.08,-0.975,0.305,0.0,-0.122
0.136,0.086,-0.968,0.549,0.671,-0.061
0.133,0.084,-0.974,0.366,0.732,-0.183
0.132,0.08,-0.977,0.488,0.488,-0.244
0.132,0.078,-0.977,0.305,-0.183,-0.244
0.126,0.083,-0.983,0.366,-0.488,-0.366
0.136,0.084,-0.973,0.366,-0.976,-0.244
0.129,0.082,-0.976,0.305,-0.793,-0.061
0.132,0.081,-0.983,0.366,0.061,0.061
0.131,0.081,-0.975,0.244,0.61,0.0
0.13,0.083,-0.975,0.366,0.366,-0.061
0.133,0.084,-0.971,0.305,0.122,-0.183
0.132,0.081,-0.978,0.366,-0.366,-0.183
0.137,0.082,-0.971,0.183,0.0,0.0
0.131,0.085,-0.976,0.244,0.0,-0.061
0.183,0.084,-0.972,0.976,1.953,0.122
0.175,0.084,-0.963,0.549,-0.061,-0.183
0.175,0.082,-0.965,0.244,-2.38,-0.122
0.179,0.082,-0.961,0.732,-1.342,-0.183
0.172,0.078,-0.966,0.305,-0.488,-0.061
0.169,0.083,-0.965,-0.305,-5.31,-0.671
0.181,0.084,-0.967,0.061,-4.15,-1.586
0.172,0.087,-0.971,0.61,-2.136,-1.953
0.155,0.082,-0.979,2.807,-12.145,-8.728
0.163,0.079,-0.968,1.342,-5.371,-0.305
0.15,0.084,-0.971,1.037,-5.371,-0.793
0.147,0.087,-0.97,0.549,-15.075,-6.286
0.13,0.073,-0.973,0.61,-15.502,-4.821
0.122,0.077,-0.978,-0.122,-4.882,-0.61
0.118,0.08,-0.972,-0.61,-5.004,-0.244
0.119,0.083,-0.978,0.061,-0.122,-0.122
0.117,0.082,-0.98,0.183,1.098,-0.122
0.116,0.082,-0.982,0.305,1.708,0.0
0.117,0.08,-0.968,0.183,1.037,-0.061
0.12,0.081,-0.974,0.244,-0.183,-0.244
0.119,0.083,-0.981,0.366,-0.305,-0.122
0.126,0.08,-0.974,0.305,-0.183,-0.183
0.125,0.076,-0.983,0.183,0.366,-0.122
0.123,0.077,-0.975,0.427,0.366,-0.183
0.125,0.076,-0.976,0.427,0.671,-0.061
0.114,0.086,-0.978,0.366,0.915,-0.061
0.123,0.084,-0.976,0.366,0.244,-0.305
0.121,0.086,-0.975,0.427,0.366,-0.122
0.126,0.078,-0.979,0.305,0.183,-0.183
0.127,0.083,-0.975,0.488,0.061,-0.122
0.125,0.077,-0.979,0.366,-0.244,-0.244
0.123,0.075,-0.972,0.488,-0.488,-0.366
0.119,0.085,-0.97,0.305,-0.915,-0.183
0.12,0.077,-0.973,0.244,-1.22,-0.183
0.118,0.078,-0.98,0.427,0.061,0.183
0.119,0.078,-0.98,0.427,0.671,-0.122
0.124,0.076,-0.976,0.305,1.708,-0.244
0.122,0.081,-0.98,0.305,1.342,-0.183
0.12,0.087,-0.975,0.427,1.037,-0.183
0.119,0.075,-0.973,0.366,-0.366,-0.244
0.161,0.08,-0.971,0.427,0.427,-0.122
0.159,0.08,-0.969,0.427,6.347,0.366
0.182,0.073,-0.96,-0.183,11.535,-0.671
0.166,0.08,-0.967,0.183,3.234,-0.427
0.177,0.081,-0.965,0.427,2.441,-0.488
0.165,0.087,-0.968,0.549,4.455,-0.122
0.182,0.08,-0.975,1.037,0.61,-0.61
0.179,0.078,-0.973,0.122,-0.061,0.0
0.17,0.08,-0.966,0.427,0.793,-0.305
0.17,0.071,-0.963,0.305,-8.239,-3.601
0.153,0.076,-0.968,1.22,-5.371,-3.845
0.169,0.087,-0.982,2.319,-3.479,-0.976
0.154,0.073,-0.969,1.525,4.577,-6.591
0.164,0.074,-0.965,0.976,-8.117,0.122
0.153,0.078,-0.973,0.427,-6.286,3.845
0.117,0.05,-0.987,2.319,1.831,-0.61
0.136,0.085,-0.977,0.549,1.464,-0.732
0.14,0.074,-0.973,0.549,1.708,-0.183
0.138,0.076,-0.976,0.549,7.568,0.366
0.137,0.084,-0.968,-0.793,-2.685,4.943
0.164,0.083,-0.971,0.305,0.244,-0.122
0.165,0.079,-0.969,0.427,-0.427,-0.122
0.163,0.085,-0.97,0.305,0.305,-0.061
0.158,0.079,-0.97,0.305,0.061,-0.244
0.162,0.078,-0.968,0.366,0.488,-0.061
0.16,0.079,-0.972,0.305,0.061,-0.244
0.157,0.081,-0.972,0.366,0.244,-0.305
0.165,0.082,-0.975,0.366,0.366,-0.122
0.158,0.082,-0.972,0.305,0.061,-0.244
0.17,0.084,-0.966,0.305,0.854,-0.305
0.158,0.085,-0.97,0.488,1.037,0.0
0.16,0.08,-0.968,0.427,-0.122,-0.183
0.163,0.076,-0.975,0.366,-0.183,-0.061
0.16,0.078,-0.968,0.366,-0.305,-0.244
0.159,0.079,-0.971,0.183,0.305,-0.061
0.164,0.088,-0.966,0.427,0.732,0.0
0.166,0.08,-0.97,0.427,0.61,-0.122
0.154,0.083,-0.975,0.427,0.549,-0.061
0.165,0.082,-0.971,0.366,-0.305,0.0
0.162,0.08,-0.969,0.366,-0.488,-0.305
0.156,0.078,-0.968,0.427,0.915,-0.061
0.161,0.084,-0.966,0.549,-0.183,0.0
0.163,0.084,-0.973,0.427,-0.366,-0.122
0.169,0.083,-0.969,0.427,1.22,-0.061
0.168,0.077,-0.975,0.366,1.281,-0.183
0.162,0.075,-0.974,0.549,1.525,0.0
0.163,0.081,-0.97,0.305,3.234,-0.305
0.158,0.072,-0.968,0.366,-2.319,-0.366
0.163,0.082,-0.964,0.366,-4.882,-0.061
0.17,0.076,-0.964,0.0,-1.647,0.0
0.167,0.079,-0.982,-0.061,4.333,0.183
0.165,0.082,-0.982,0.549,6.896,-0.122
0.159,0.079,-0.968,0.915,2.563,-0.488
0.161,0.078,-0.958,0.427,-3.295,-0.244
0.165,0.083,-0.962,0.427,-2.136,-0.183
0.164,0.079,-0.969,0.061,0.854,-0.061
0.161,0.078,-0.971,0.549,1.77,-0.122
0.166,0.08,-0.971,0.427,0.122,-0.122
0.166,0.078,-0.968,0.427,-0.061,-0.122
0.158,0.076,-0.973,0.183,0.671,-0.305
0.161,0.08,-0.974,0.366,-0.122,-0.183
0.161,0.08,-0.971,0.427,0.0,-0.122
0.162,0.08,-0.97,0.183,0.671,-0.366
0.163,0.079,-0.971,0.366,0.183,-0.244
0.165,0.077,-0.969,0.366,0.183,-0.122
0.162,0.082,-0.968,0.427,0.305,-0.244
0.166,0.08,-0.971,0.427,0.549,-0.183
0.171,0.079,-0.974,0.427,0.122,-0.122
0.169,0.084,-0.973,0.549,-0.732,0.0
0.162,0.082,-0.969,0.305,-0.305,-0.244
0.161,0.077,-0.973,0.366,-0.305,-0.122
0.164,0.083,-0.971,0.427,0.427,-0.061
0.171,0.08,-0.971,0.427,1.159,-0.061
0.163,0.078,-0.967,0.366,1.159,-0.244
0.17,0.084,-0.968,0.366,-0.488,-0.122
0.165,0.08,-0.972,0.305,-0.427,-0.183
0.165,0.081,-0.975,0.244,0.488,-0.305
0.164,0.082,-0.968,0.366,0.793,-0.061
0.161,0.078,-0.972,0.305,0.915,-0.244
0.163,0.08,-0.971,0.488,-0.854,-0.244
0.184,0.075,-0.969,0.305,1.037,-0.122
0.179,0.078,-0.965,0.305,0.61,-0.183
0.18,0.077,-0.973,0.366,0.976,-0.183
0.178,0.08,-0.967,0.549,-0.061,-0.183
0.178,0.075,-0.972,0.366,0.0,-0.061
0.178,0.077,-0.964,0.244,0.122,-0.244
0.185,0.079,-0.974,0.366,0.244,-0.183
0.18,0.075,-0.96,0.427,0.244,-0.122
0.186,0.077,-0.967,0.427,-0.122,-0.183
0.176,0.075,-0.965,0.427,0.488,-0.183
0.178,0.08,-0.961,0.305,0.061,-0.061
0.179,0.078,-0.969,0.366,-0.61,-0.183
0.183,0.076,-0.971,0.427,-0.61,-0.061
0.181,0.074,-0.969,0.366,0.976,-0.183
0.179,0.08,-0.969,0.427,1.831,-0.122
0.178,0.076,-0.969,0.488,1.77,-0.183
0.181,0.075,-0.968,0.549,-0.183,-0.061
0.185,0.08,-0.964,0.305,-0.976,-0.183
0.18,0.074,-0.966,0.366,0.244,-0.183
0.185,0.078,-0.966,0.427,0.854,-0.122
0.178,0.08,-0.968,0.305,0.915,-0.122
0.177,0.078,-0.968,0.549,0.671,-0.122
0.181,0.075,-0.965,0.305,0.671,-0.305
0.181,0.075,-0.969,0.366,-0.305,-0.183
0.183,0.079,-0.968,0.305,-0.305,-0.183
0.176,0.076,-0.968,0.488,-0.671,-0.183
0.177,0.077,-0.972,0.244,-0.488,-0.305
0.176,0.076,-0.967,0.366,-0.305,-0.244
0.182,0.073,-0.975,0.366,0.671,-0.061
0.178,0.076,-0.968,0.183,1.525,-0.244
0.181,0.075,-0.972,0.305,0.305,-0.244
0.178,0.073,-0.967,0.427,-1.037,-0.244
0.179,0.073,-0.97,0.366,-0.061,-0.122
0.177,0.074,-0.962,0.183,1.586,-0.244
0.181,0.07,-0.969,0.427,-0.366,-0.183
0.18,0.077,-0.969,0.366,-1.098,-0.305
0.175,0.073,-0.968,0.427,-0.366,-0.061
0.177,0.077,-0.969,0.427,-0.732,-0.183
0.177,0.085,-0.96,0.183,-2.319,-0.305
0.186,0.075,-0.968,0.244,-2.868,0.0
0.177,0.076,-0.968,0.427,0.793,-0.183
0.177,0.071,-0.973,0.549,1.037,-0.183
0.18,0.078,-0.967,0.427,0.366,-0.244
0.172,0.078,-0.965,0.366,-0.854,-0.122
0.18,0.074,-0.965,0.366,-0.793,-0.122
0.181,0.076,-0.968,0.305,-0.671,0.0
0.18,0.083,-0.968,0.427,0.732,-0.183
0.18,0.078,-0.967,0.366,0.671,-0.122
0.187,0.075,-0.973,0.488,0.671,-0.244
0.184,0.073,-0.97,0.244,0.427,-0.183
0.181,0.083,-0.966,0.366,-0.732,-0.122
0.178,0.076,-0.966,0.366,0.061,-0.061
0.186,0.077,-0.971,0.305,1.037,-0.244
0.177,0.076,-0.97,0.427,0.549,-0.183
0.173,0.079,-0.964,0.427,1.159,-0.244
0.176,0.081,-0.969,0.366,0.915,-0.183
0.18,0.081,-0.972,0.427,-1.098,-0.305
0.18,0.075,-0.973,0.305,-1.281,-0.061
0.185,0.082,-0.973,0.366,0.183,-0.122
0.178,0.073,-0.967,0.366,-0.061,-0.122
0.178,0.083,-0.967,0.366,-0.488,-0.183
0.178,0.079,-0.973,0.305,-1.22,-0.244
0.185,0.072,-0.968,0.427,-1.037,-0.061
0.181,0.08,-0.967,0.244,0.427,-0.244
0.18,0.075,-0.968,0.427,0.061,-0.183
0.181,0.08,-0.964,0.366,0.061,-0.122
0.18,0.077,-0.968,0.366,0.0,0.0
0.174,0.074,-0.969,0.488,-1.22,-0.305
0.182,0.076,-0.966,0.244,-0.488,-0.244
0.179,0.078,-0.972,0.488,-0.122,-0.061
0.184,0.078,-0.964,0.427,0.244,-0.244
0.178,0.078,-0.966,0.427,0.427,-0.183
0.189,0.081,-0.966,0.427,1.037,-0.183
0.179,0.081,-0.966,0.488,0.183,-0.183
0.18,0.081,-0.969,0.427,-0.122,-0.183
0.189,0.081,-0.965,0.427,0.0,-0.244
0.178,0.074,-0.963,0.366,0.488,-0.122
0.182,0.079,-0.962,0.366,-0.305,-0.305
0.179,0.077,-0.967,0.427,-0.183,-0.305
0.181,0.076,-0.966,0.366,-0.488,-0.122
0.179,0.072,-0.964,0.366,0.366,-0.122
0.177,0.078,-0.969,0.366,0.793,-0.244
0.183,0.072,-0.971,0.427,0.427,-0.183
0.179,0.084,-0.962,0.427,0.244,-0.183
0.18,0.078,-0.967,0.366,0.122,-0.183
0.178,0.073,-0.966,0.244,-0.122,-0.183
0.176,0.076,-0.968,0.366,0.183,-0.061
0.179,0.079,-0.97,0.366,0.854,0.0
0.181,0.078,-0.965,0.366,0.549,-0.244
0.182,0.082,-0.961,0.549,0.0,-0.183
0.174,0.078,-0.965,0.427,-0.549,-0.183
0.18,0.084,-0.969,0.427,0.061,-0.183
0.184,0.078,-0.966,0.366,-0.488,-0.244
0.174,0.082,-0.965,0.244,-0.549,0.0
0.182,0.079,-0.972,0.305,-0.122,-0.122
0.184,0.077,-0.968,0.366,-0.549,-0.183
0.18,0.082,-0.967,0.488,-0.488,-0.183
0.186,0.076,-0.97,0.427,-0.122,-0.061
0.181,0.075,-0.969,0.305,1.281,-0.183
0.18,0.077,-0.969,0.305,0.854,-0.244
0.178,0.078,-0.967,0.488,2.258,-0.183
0.183,0.071,-0.97,0.427,1.281,-0.183
0.175,0.078,-0.968,0.366,0.61,-0.183
0.181,0.075,-0.966,0.549,0.488,-0.183
0.183,0.078,-0.967,0.427,-0.549,-0.122
0.177,0.079,-0.971,0.427,-0.427,-0.061
0.177,0.078,-0.965,0.427,0.61,-0.061
0.181,0.079,-0.975,0.427,1.037,0.0
0.178,0.081,-0.967,0.366,0.976,-0.122
0.182,0.074,-0.965,0.427,1.098,-0.061
0.175,0.076,-0.97,0.305,0.732,-0.061
0.178,0.08,-0.963,0.549,0.305,-0.244
0.18,0.079,-0.959,0.427,-0.122,-0.305
0.18,0.078,-0.967,0.549,-0.061,-0.244
0.18,0.072,-0.968,0.305,-0.549,-0.183
0.178,0.081,-0.966,0.427,-0.671,-0.244
0.182,0.076,-0.961,0.366,0.549,-0.122
0.178,0.077,-0.97,0.305,0.183,-0.183
0.18,0.081,-0.964,0.305,0.305,-0.244
0.177,0.082,-0.968,0.366,0.976,-0.183
0.181,0.078,-0.965,0.305,-0.122,-0.183
0.173,0.077,-0.968,0.427,-0.427,-0.244
0.178,0.079,-0.964,0.427,-0.244,-0.122
0.186,0.079,-0.969,0.427,0.0,-0.183
0.183,0.076,-0.973,0.427,-0.549,-0.183
0.18,0.078,-0.968,0.244,-0.671,-0.244
0.18,0.081,-0.962,0.549,-0.122,-0.061
0.18,0.078,-0.969,0.427,0.244,-0.183
0.187,0.077,-0.967,0.427,0.549,-0.061
0.183,0.077,-0.964,0.427,0.366,-0.244
0.183,0.08,-0.964,0.366,0.61,-0.244
0.178,0.075,-0.968,0.549,0.244,-0.183
0.181,0.074,-0.968,0.488,-0.366,-0.244
0.176,0.076,-0.963,0.427,-0.244,-0.183
0.179,0.08,-0.967,0.427,-0.305,-0.122
0.176,0.08,-0.971,0.427,0.183,-0.122
0.183,0.079,-0.974,0.488,0.183,-0.122
0.179,0.077,-0.965,0.244,0.0,-0.244
0.182,0.081,-0.97,0.366,0.244,-0.183
0.183,0.085,-0.967,0.366,-0.122,-0.122
0.185,0.078,-0.972,0.427,-0.183,-0.122
0.179,0.079,-0.96,0.305,-0.244,-0.244
0.177,0.072,-0.968,0.366,0.244,-0.305
0.176,0.081,-0.962,0.427,-0.427,-0.305
0.183,0.081,-0.963,0.183,-1.098,-0.244
0.181,0.077,-0.97,0.244,-0.671,-0.183
0.181,0.077,-0.972,0.427,-0.122,-0.061
0.179,0.073,-0.97,0.366,0.793,-0.244
0.177,0.072,-0.967,0.427,0.732,-0.183
0.178,0.081,-0.967,0.366,-0.061,-0.122
0.176,0.077,-0.965,0.366,0.305,-0.122
0.18,0.079,-0.963,0.488,0.427,-0.183
0.181,0.08,-0.971,0.427,0.061,-0.244
0.179,0.074,-0.966,0.427,-0.549,-0.366
0.181,0.074,-0.965,0.305,-1.037,-0.061
0.183,0.083,-0.96,0.366,0.305,-0.122
0.176,0.082,-0.966,0.488,0.061,-0.183
0.182,0.077,-0.97,0.427,-0.854,-0.061
0.179,0.078,-0.968,0.183,0.122,-0.183
0.179,0.075,-0.965,0.427,0.122,-0.305
0.177,0.074,-0.967,0.427,0.061,-0.122
0.177,0.08,-0.965,0.366,-0.122,-0.122
0.181,0.081,-0.965,0.488,0.122,-0.183
0.183,0.08,-0.963,0.366,0.488,-0.061
0.18,0.079,-0.967,0.488,0.732,-0.122
0.184,0.081,-0.969,0.305,1.037,-0.122
0.176,0.074,-0.968,0.549,0.305,-0.183
0.176,0.084,-0.964,0.488,0.061,-0.305
0.177,0.077,-0.969,0.305,-0.732,-0.183
0.186,0.075,-0.963,0.427,-0.61,-0.183
0.181,0.07,-0.971,0.366,-0.305,-0.305
0.175,0.077,-0.965,0.427,0.122,-0.183
0.185,0.083,-0.969,0.549,-0.122,-0.305
0.178,0.075,-0.971,0.366,-0.366,-0.183
0.183,0.077,-0.967,0.488,-0.305,-0.122
0.182,0.08,-0.965,0.427,-0.793,-0.122
0.18,0.075,-0.964,0.305,0.061,-0.122
0.186,0.076,-0.974,0.549,0.305,-0.122
0.178,0.072,-0.965,0.488,0.305,-0.183
0.181,0.072,-0.963,0.366,0.488,-0.122
0.181,0.078,-0.964,0.305,-0.427,-0.061
0.175,0.08,-0.964,0.427,1.037,-0.061
0.182,0.078,-0.965,0.366,1.342,-0.122
0.175,0.075,-0.967,0.427,0.732,-0.122
0.179,0.08,-0.968,0.366,0.244,-0.122
0.175,0.076,-0.969,0.427,0.305,0.0
0.175,0.08,-0.966,0.427,0.671,-0.122
0.181,0.075,-0.972,0.488,1.403,-0.183
0.175,0.078,-0.966,0.427,-0.183,-0.305
0.181,0.078,-0.968,0.366,-0.305,-0.183
0.182,0.082,-0.967,0.366,-0.549,-0.183
0.172,0.076,-0.968,0.427,-0.488,-0.061
0.18,0.079,-0.968,0.488,-0.061,-0.183
0.177,0.073,-0.973,0.427,0.915,-0.244
0.182,0.074,-0.965,0.61,-0.183,-0.122
0.179,0.083,-0.967,0.549,-0.244,-0.122
0.182,0.076,-0.967,0.488,-0.122,-0.061
0.183,0.073,-0.973,0.427,1.22,0.0
0.177,0.077,-0.966,0.427,1.586,-0.122
0.178,0.079,-0.973,0.61,1.22,-0.305
0.184,0.077,-0.971,0.488,0.671,-0.061
0.177,0.083,-0.971,0.488,0.549,-0.305
0.177,0.081,-0.969,0.366,0.427,-0.305
0.175,0.079,-0.967,0.366,0.0,-0.122
0.176,0.08,-0.966,0.366,0.183,-0.061
0.19,0.075,-0.971,0.366,-0.549,-0.061
0.176,0.078,-0.961,0.244,-0.488,-0.122
0.175,0.078,-0.97,0.427,-0.305,-0.061
0.18,0.082,-0.966,0.305,-0.244,-0.244
0.178,0.078,-0.968,0.305,0.244,-0.122
0.178,0.077,-0.969,0.366,0.0,-0.061
0.177,0.075,-0.968,0.549,-0.061,-0.122
0.178,0.077,-0.968,0.366,0.488,-0.061
0.178,0.077,-0.969,0.366,0.244,-0.122
0.178,0.081,-0.965,0.427,0.183,-0.122
0.18,0.074,-0.968,0.244,0.061,-0.183
0.178,0.08,-0.963,0.427,-0.305,-0.244
0.179,0.075,-0.97,0.488,-0.488,-0.244
0.18,0.08,-0.974,0.366,-0.244,-0.244
0.181,0.083,-0.971,0.366,-0.915,-0.183
0.179,0.077,-0.963,0.549,0.549,-0.183
0.182,0.078,-0.963,0.305,0.061,-0.183
0.176,0.081,-0.97,0.366,-0.305,-0.061
0.175,0.087,-0.965,0.183,0.122,-0.183
0.181,0.079,-0.97,0.61,-0.061,-0.183
0.178,0.077,-0.963,0.305,0.305,-0.122
0.182,0.075,-0.961,0.427,-0.366,-0.244
0.179,0.073,-0.963,0.305,-0.488,-0.244
0.181,0.08,-0.963,0.488,0.183,-0.122
0.179,0.08,-0.968,0.427,0.488,-0.061
0.181,0.077,-0.964,0.366,0.976,-0.244
0.177,0.081,-0.964,0.366,0.61,-0.183
0.183,0.078,-0.969,0.366,0.244,-0.305
0.172,0.081,-0.969,0.366,-0.305,-0.122
0.179,0.075,-0.971,0.488,0.305,-0.244
0.175,0.076,-0.969,0.427,-0.244,-0.244
0.178,0.077,-0.972,0.427,-0.244,-0.122
0.184,0.071,-0.965,0.366,0.0,-0.183
0.176,0.08,-0.962,0.427,-0.427,0.061
0.184,0.077,-0.965,0.427,-0.305,-0.122
